run_name,method,selected_for_method,seed,learning_rate,l1_alpha,rewa_k,rewa_m,rewa_weight_decay,rewa_eps,checkpoint_best_val_loss,target_sparsity,selected_count,total_eligible,selection_sparsity,eligible_zeros,eligible_nonzeros,eligible_sparsity,whole_model_zeros,whole_model_nonzeros,whole_model_sparsity,attention_sparsity,mlp_sparsity,validation_loss,perplexity
dense-lr3e-4-seed0,dense,no,0,0.0003,,,,,,2.59935326576,0.0,0,10616832,0.0,0,10616832,0.0,0,13767552,0.0,0.0,0.0,2.608782968521118,13.582510446000207
dense-lr3e-4-seed0,dense,no,0,0.0003,,,,,,2.59935326576,0.3,3185050,10616832,0.3000000376760224,3185050,7431782,0.3000000376760224,3185050,10582502,0.23134468640467093,0.29970748336226855,0.30014631483289933,2.680074417591095,14.586178723776728
dense-lr3e-4-seed0,dense,no,0,0.0003,,,,,,2.59935326576,0.5,5308416,10616832,0.5,5308416,5308416,0.5,5308416,8459136,0.3855744289180822,0.489995038067853,0.5050024809660735,3.4759198141098024,32.327550202122765
dense-lr3e-4-seed0,dense,no,0,0.0003,,,,,,2.59935326576,0.7,7431782,10616832,0.6999999623239777,7431782,3185050,0.6999999623239777,7431782,6335770,0.5398041714314934,0.6801664564344618,0.7099167152687356,9.855005702972413,19053.492612181904
dense-lr3e-4-seed0,dense,no,0,0.0003,,,,,,2.59935326576,0.8,8493466,10616832,0.8000000376760223,8493466,2123366,0.8000000376760223,8493466,5274086,0.6169191153227531,0.7820428918909144,0.8089786105685763,12.943036222457886,417916.20397788804
dense-lr3e-4-seed0,dense,no,0,0.0003,,,,,,2.59935326576,0.9,9555149,10616832,0.9000000188380112,9555149,1061683,0.9000000188380112,9555149,4212403,0.6940339865794587,0.8890372382269965,0.9054814091435185,14.203520956039428,1474045.1114403044
dense-lr3e-4-seed0,dense,no,0,0.0003,,,,,,2.59935326576,0.95,10085990,10616832,0.9499999623239777,10085990,530842,0.9499999623239777,10085990,3681562,0.7325913858905345,0.943624425817419,0.9531877305772569,14.2496617603302,1543652.2543447916
dense-lr6e-4-seed0,dense,yes,0,0.0006,,,,,,2.33629219532,0.0,0,10616832,0.0,0,10616832,0.0,0,13767552,0.0,0.0,0.0,2.343026592731476,10.41270393329307
dense-lr6e-4-seed0,dense,yes,0,0.0006,,,,,,2.33629219532,0.3,3185050,10616832,0.3000000376760224,3185050,7431782,0.3000000376760224,3185050,10582502,0.23134468640467093,0.3038400720666956,0.29808002048068577,2.3820745515823365,10.827341459228775
dense-lr6e-4-seed0,dense,yes,0,0.0006,,,,,,2.33629219532,0.5,5308416,10616832,0.5,5308416,5308416,0.5,5308416,8459136,0.3855744289180822,0.49790700276692706,0.5010464986165365,2.693883273601532,14.788994268034646
dense-lr6e-4-seed0,dense,yes,0,0.0006,,,,,,2.33629219532,0.7,7431782,10616832,0.6999999623239777,7431782,3185050,0.6999999623239777,7431782,6335770,0.5398041714314934,0.6873776471173322,0.7063111199273003,5.435593152046204,229.4288941418363
dense-lr6e-4-seed0,dense,yes,0,0.0006,,,,,,2.33629219532,0.8,8493466,10616832,0.8000000376760223,8493466,2123366,0.8000000376760223,8493466,5274086,0.6169191153227531,0.7856369018554688,0.8071816055862991,11.783110818862916,131020.72802474756
dense-lr6e-4-seed0,dense,yes,0,0.0006,,,,,,2.33629219532,0.9,9555149,10616832,0.9000000188380112,9555149,1061683,0.9000000188380112,9555149,4212403,0.6940339865794587,0.8889485111942997,0.9055257726598669,16.687509994506836,17672317.576199595
dense-lr6e-4-seed0,dense,yes,0,0.0006,,,,,,2.33629219532,0.95,10085990,10616832,0.9499999623239777,10085990,530842,0.9499999623239777,10085990,3681562,0.7325913858905345,0.9426105640552662,0.9536946614583334,17.497446689605713,39723229.0679363
l1-a1e-5-lr6e-4-seed0,l1,no,0,0.0006,1e-05,,,,,2.62718083382,0.0,0,10616832,0.0,0,10616832,0.0,0,13767552,0.0,0.0,0.0,2.6356205987930297,13.95196835168751
l1-a1e-5-lr6e-4-seed0,l1,no,0,0.0006,1e-05,,,,,2.62718083382,0.3,3185050,10616832,0.3000000376760224,3185050,7431782,0.3000000376760224,3185050,10582502,0.23134468640467093,0.2864037972909433,0.3067981578685619,2.635619339942932,13.951950788261845
l1-a1e-5-lr6e-4-seed0,l1,no,0,0.0006,1e-05,,,,,2.62718083382,0.5,5308416,10616832,0.5,5308416,5308416,0.5,5308416,8459136,0.3855744289180822,0.4933576230649595,0.5033211884675203,2.6356202960014343,13.951964127149393
l1-a1e-5-lr6e-4-seed0,l1,no,0,0.0006,1e-05,,,,,2.62718083382,0.7,7431782,10616832,0.6999999623239777,7431782,3185050,0.6999999623239777,7431782,6335770,0.5398041714314934,0.7627173529730903,0.6686412669994213,2.63713574886322,13.973123700231621
l1-a1e-5-lr6e-4-seed0,l1,no,0,0.0006,1e-05,,,,,2.62718083382,0.8,8493466,10616832,0.8000000376760223,8493466,2123366,0.8000000376760223,8493466,5274086,0.6169191153227531,0.846827471697772,0.7765863206651475,2.68743216753006,14.693895971726272
l1-a1e-5-lr6e-4-seed0,l1,no,0,0.0006,1e-05,,,,,2.62718083382,0.9,9555149,10616832,0.9000000188380112,9555149,1061683,0.9000000188380112,9555149,4212403,0.6940339865794587,0.9279248272931134,0.88603761461046,4.850250573158264,127.77240216949744
l1-a1e-5-lr6e-4-seed0,l1,no,0,0.0006,1e-05,,,,,2.62718083382,0.95,10085990,10616832,0.9499999623239777,10085990,530842,0.9499999623239777,10085990,3681562,0.7325913858905345,0.9650443748191551,0.9424777560763888,13.536721267700194,756699.3303341003
l1-a1e-6-lr6e-4-seed0,l1,no,0,0.0006,1e-06,,,,,2.3359267664,0.0,0,10616832,0.0,0,10616832,0.0,0,13767552,0.0,0.0,0.0,2.3436553740501402,10.41925330584888
l1-a1e-6-lr6e-4-seed0,l1,no,0,0.0006,1e-06,,,,,2.3359267664,0.3,3185050,10616832,0.3000000376760224,3185050,7431782,0.3000000376760224,3185050,10582502,0.23134468640467093,0.34686674895109953,0.2765666820384838,2.36205203294754,10.612706747417013
l1-a1e-6-lr6e-4-seed0,l1,no,0,0.0006,1e-06,,,,,2.3359267664,0.5,5308416,10616832,0.5,5308416,5308416,0.5,5308416,8459136,0.3855744289180822,0.5444409405743634,0.4777795297128183,2.5201254177093504,12.430155527454055
l1-a1e-6-lr6e-4-seed0,l1,no,0,0.0006,1e-06,,,,,2.3359267664,0.7,7431782,10616832,0.6999999623239777,7431782,3185050,0.6999999623239777,7431782,6335770,0.5398041714314934,0.7298219468858507,0.685088970043041,4.14566727399826,63.15975270450344
l1-a1e-6-lr6e-4-seed0,l1,no,0,0.0006,1e-06,,,,,2.3359267664,0.8,8493466,10616832,0.8000000376760223,8493466,2123366,0.8000000376760223,8493466,5274086,0.6169191153227531,0.8192777280454282,0.7903611924913194,9.946524925231934,20879.538207060996
l1-a1e-6-lr6e-4-seed0,l1,no,0,0.0006,1e-06,,,,,2.3359267664,0.9,9555149,10616832,0.9000000188380112,9555149,1061683,0.9000000188380112,9555149,4212403,0.6940339865794587,0.909398114239728,0.8953009711371528,16.37814504623413,12969941.504673222
l1-a1e-6-lr6e-4-seed0,l1,no,0,0.0006,1e-06,,,,,2.3359267664,0.95,10085990,10616832,0.9499999623239777,10085990,530842,0.9499999623239777,10085990,3681562,0.7325913858905345,0.9546291210033275,0.9476853829843027,17.39122142791748,35720004.070112295
l1-a1e-7-lr6e-4-seed0,l1,yes,0,0.0006,1e-07,,,,,2.3354790163,0.0,0,10616832,0.0,0,10616832,0.0,0,13767552,0.0,0.0,0.0,2.342387328147888,10.406049587619501
l1-a1e-7-lr6e-4-seed0,l1,yes,0,0.0006,1e-07,,,,,2.3354790163,0.3,3185050,10616832,0.3000000376760224,3185050,7431782,0.3000000376760224,3185050,10582502,0.23134468640467093,0.3064578021014178,0.29677115546332467,2.37952454328537,10.799766821393387
l1-a1e-7-lr6e-4-seed0,l1,yes,0,0.0006,1e-07,,,,,2.3354790163,0.5,5308416,10616832,0.5,5308416,5308416,0.5,5308416,8459136,0.3855744289180822,0.5020257455331308,0.4989871272334346,2.674949209690094,14.511612771563213
l1-a1e-7-lr6e-4-seed0,l1,yes,0,0.0006,1e-07,,,,,2.3354790163,0.7,7431782,10616832,0.6999999623239777,7431782,3185050,0.6999999623239777,7431782,6335770,0.5398041714314934,0.6917453342013888,0.704127276385272,5.253200259208679,191.17710681333006
l1-a1e-7-lr6e-4-seed0,l1,yes,0,0.0006,1e-07,,,,,2.3354790163,0.8,8493466,10616832,0.8000000376760223,8493466,2123366,0.8000000376760223,8493466,5274086,0.6169191153227531,0.7892328898111979,0.8053836116084346,11.550275344848632,103805.61522685945
l1-a1e-7-lr6e-4-seed0,l1,yes,0,0.0006,1e-07,,,,,2.3354790163,0.9,9555149,10616832,0.9000000188380112,9555149,1061683,0.9000000188380112,9555149,4212403,0.6940339865794587,0.8912537186234085,0.9043731689453125,16.638723945617677,16830847.907513466
l1-a1e-7-lr6e-4-seed0,l1,yes,0,0.0006,1e-07,,,,,2.3354790163,0.95,10085990,10616832,0.9499999623239777,10085990,530842,0.9499999623239777,10085990,3681562,0.7325913858905345,0.9441101639359085,0.9529448615180122,17.49666088104248,39692026.4756132
rewa-k9-m2-wd0.1-lr6e-4-seed0,rewa,no,0,0.0006,,9.0,2.0,0.1,0.0,2.73578568935,0.0,0,10616832,0.0,0,10616832,0.0,0,13767552,0.0,0.0,0.0,2.7453137540817263,15.569498159519352
rewa-k9-m2-wd0.1-lr6e-4-seed0,rewa,no,0,0.0006,,9.0,2.0,0.1,0.0,2.73578568935,0.3,3185050,10616832,0.3000000376760224,3185050,7431782,0.3000000376760224,3185050,10582502,0.23134468640467093,0.2848324245876736,0.30758384422019674,2.8757227754592893,17.738240254057256
rewa-k9-m2-wd0.1-lr6e-4-seed0,rewa,no,0,0.0006,,9.0,2.0,0.1,0.0,2.73578568935,0.5,5308416,10616832,0.5,5308416,5308416,0.5,5308416,8459136,0.3855744289180822,0.48110425030743637,0.5094478748462818,4.35312313079834,77.72081655307838
rewa-k9-m2-wd0.1-lr6e-4-seed0,rewa,no,0,0.0006,,9.0,2.0,0.1,0.0,2.73578568935,0.7,7431782,10616832,0.6999999623239777,7431782,3185050,0.6999999623239777,7431782,6335770,0.5398041714314934,0.6813484474464699,0.7093257197627315,13.38626007080078,650996.8424038161
rewa-k9-m2-wd0.1-lr6e-4-seed0,rewa,no,0,0.0006,,9.0,2.0,0.1,0.0,2.73578568935,0.8,8493466,10616832,0.8000000376760223,8493466,2123366,0.8000000376760223,8493466,5274086,0.6169191153227531,0.7838465372721354,0.8080767878779659,15.439883069992066,5075233.389898619
rewa-k9-m2-wd0.1-lr6e-4-seed0,rewa,no,0,0.0006,,9.0,2.0,0.1,0.0,2.73578568935,0.9,9555149,10616832,0.9000000188380112,9555149,1061683,0.9000000188380112,9555149,4212403,0.6940339865794587,0.8875975432219328,0.9062012566460503,16.274697914123536,11695303.560799494
rewa-k9-m2-wd0.1-lr6e-4-seed0,rewa,no,0,0.0006,,9.0,2.0,0.1,0.0,2.73578568935,0.95,10085990,10616832,0.9499999623239777,10085990,530842,0.9499999623239777,10085990,3681562,0.7325913858905345,0.9403514155635128,0.95482423570421,16.34741367340088,12577419.655856606
rewa-k9-m2-wd1-lr6e-4-seed0,rewa,no,0,0.0006,,9.0,2.0,1.0,0.0,3.26112879753,0.0,0,10616832,0.0,0,10616832,0.0,0,13767552,0.0,0.0,0.0,3.2656304144859316,26.196620515409826
rewa-k9-m2-wd1-lr6e-4-seed0,rewa,no,0,0.0006,,9.0,2.0,1.0,0.0,3.26112879753,0.3,3185050,10616832,0.3000000376760224,3185050,7431782,0.3000000376760224,3185050,10582502,0.23134468640467093,0.2996218646014178,0.30018912421332467,3.6132901334762573,37.08787636064205
rewa-k9-m2-wd1-lr6e-4-seed0,rewa,no,0,0.0006,,9.0,2.0,1.0,0.0,3.26112879753,0.5,5308416,10616832,0.5,5308416,5308416,0.5,5308416,8459136,0.3855744289180822,0.4935133192274306,0.5032433403862847,3.372347593307495,29.14687180475663
rewa-k9-m2-wd1-lr6e-4-seed0,rewa,no,0,0.0006,,9.0,2.0,1.0,0.0,3.26112879753,0.7,7431782,10616832,0.6999999623239777,7431782,3185050,0.6999999623239777,7431782,6335770,0.5398041714314934,0.6843380398220487,0.7078309235749422,10.814747953414917,49749.11499657364
rewa-k9-m2-wd1-lr6e-4-seed0,rewa,no,0,0.0006,,9.0,2.0,1.0,0.0,3.26112879753,0.8,8493466,10616832,0.8000000376760223,8493466,2123366,0.8000000376760223,8493466,5274086,0.6169191153227531,0.7814825552481192,0.809258778889974,12.271627931594848,213550.3534949966
rewa-k9-m2-wd1-lr6e-4-seed0,rewa,no,0,0.0006,,9.0,2.0,1.0,0.0,3.26112879753,0.9,9555149,10616832,0.9000000188380112,9555149,1061683,0.9000000188380112,9555149,4212403,0.6940339865794587,0.8815878408926504,0.9092061078106916,12.70218379020691,328464.4166064358
rewa-k9-m2-wd1-lr6e-4-seed0,rewa,no,0,0.0006,,9.0,2.0,1.0,0.0,3.26112879753,0.95,10085990,10616832,0.9499999623239777,10085990,530842,0.9499999623239777,10085990,3681562,0.7325913858905345,0.9322029396339699,0.9588984736689815,12.752792863845825,345515.52769105264
rewa-k9-m2-wd1e-4-lr6e-4-seed0,rewa,yes,0,0.0006,,9.0,2.0,0.0001,0.0,2.70995772839,0.0,0,10616832,0.0,0,10616832,0.0,0,13767552,0.0,0.0,0.0,2.7193311619758607,15.170172462876248
rewa-k9-m2-wd1e-4-lr6e-4-seed0,rewa,yes,0,0.0006,,9.0,2.0,0.0001,0.0,2.70995772839,0.3,3185050,10616832,0.3000000376760224,3185050,7431782,0.3000000376760224,3185050,10582502,0.23134468640467093,0.28387394657841436,0.3080630832248264,2.8484518933296203,17.26103921574315
rewa-k9-m2-wd1e-4-lr6e-4-seed0,rewa,yes,0,0.0006,,9.0,2.0,0.0001,0.0,2.70995772839,0.5,5308416,10616832,0.5,5308416,5308416,0.5,5308416,8459136,0.3855744289180822,0.4798513341833044,0.5100743329083478,3.9290701603889464,50.85966434519592
rewa-k9-m2-wd1e-4-lr6e-4-seed0,rewa,yes,0,0.0006,,9.0,2.0,0.0001,0.0,2.70995772839,0.7,7431782,10616832,0.6999999623239777,7431782,3185050,0.6999999623239777,7431782,6335770,0.5398041714314934,0.680741204155816,0.7096293414080584,12.251956214904785,209390.50130505674
rewa-k9-m2-wd1e-4-lr6e-4-seed0,rewa,yes,0,0.0006,,9.0,2.0,0.0001,0.0,2.70995772839,0.8,8493466,10616832,0.8000000376760223,8493466,2123366,0.8000000376760223,8493466,5274086,0.6169191153227531,0.7839561744972512,0.808021969265408,15.137339029312134,3750272.377512232
rewa-k9-m2-wd1e-4-lr6e-4-seed0,rewa,yes,0,0.0006,,9.0,2.0,0.0001,0.0,2.70995772839,0.9,9555149,10616832,0.9000000188380112,9555149,1061683,0.9000000188380112,9555149,4212403,0.6940339865794587,0.8884345160590278,0.9057827702275029,16.492027549743653,14534381.661818568
rewa-k9-m2-wd1e-4-lr6e-4-seed0,rewa,yes,0,0.0006,,9.0,2.0,0.0001,0.0,2.70995772839,0.95,10085990,10616832,0.9499999623239777,10085990,530842,0.9499999623239777,10085990,3681562,0.7325913858905345,0.9413113064236112,0.9543442902741609,16.6045041847229,16264643.260956006
