run_name,method,seed,tokens_seen,iter,train_loss,train_objective,val_loss,ppl,lr,elapsed_sec,max_cuda_memory,tokens_per_sec
dense-lr3e-4-seed0,dense,0,327680,10,8.636247217655182,8.636247217655182,,,5.9999999999999995e-05,5.64637469034642,754580992,58033.69736695529
dense-lr3e-4-seed0,dense,0,655360,20,7.918176847696304,7.918176847696304,,,0.00011999999999999999,10.58213528804481,754580992,66388.95738841171
dense-lr3e-4-seed0,dense,0,983040,30,7.174258449673653,7.174258449673653,,,0.00017999999999999998,15.662650589831173,754580992,64497.39456247366
dense-lr3e-4-seed0,dense,0,1310720,40,6.283147394657135,6.283147394657135,,,0.00023999999999999998,20.729546275921166,754580992,64670.761014396005
dense-lr3e-4-seed0,dense,0,1638400,50,5.47480456829071,5.47480456829071,,,0.0003,25.794687843881547,754580992,64693.15725995579
dense-lr3e-4-seed0,dense,0,1966080,60,4.91720509827137,4.91720509827137,,,0.0002998285762933067,30.86783810891211,754580992,64591.02981015799
dense-lr3e-4-seed0,dense,0,2293760,70,4.540376529097557,4.540376529097557,,,0.0002992365594184121,35.94636671524495,754580992,64522.625626522735
dense-lr3e-4-seed0,dense,0,2621440,80,4.268276496231556,4.268276496231556,,,0.0002982236886618577,41.02917069941759,754580992,64468.3527085372
dense-lr3e-4-seed0,dense,0,2949120,90,4.061971907317639,4.061971907317639,,,0.00029679313954148584,46.09268868342042,754580992,64713.90069813899
dense-lr3e-4-seed0,dense,0,3276800,100,3.9017757952213286,3.9017757952213286,3.8447014331817626,46.744725843177875,0.0002949493970660959,51.80430907569826,754580992,57370.75952089294
dense-lr3e-4-seed0,dense,0,3604480,110,3.761215554177761,3.761215554177761,,,0.0002926982416741983,57.027820559218526,754580992,62731.74683999495
dense-lr3e-4-seed0,dense,0,3932160,120,3.651658283174038,3.651658283174038,,,0.0002900467311113804,62.10323780309409,754580992,64562.17967013589
dense-lr3e-4-seed0,dense,0,4259840,130,3.558268542587757,3.558268542587757,,,0.00028700317830310343,67.1889664363116,754580992,64431.27890461027
dense-lr3e-4-seed0,dense,0,4587520,140,3.43957534134388,3.43957534134388,,,0.0002835771252923023,72.26763245929033,754580992,64520.879797449285
dense-lr3e-4-seed0,dense,0,4915200,150,3.39375177025795,3.39375177025795,,,0.00027977931332349786,77.33586346264929,754580992,64653.72233089429
dense-lr3e-4-seed0,dense,0,5242880,160,3.3170267581939696,3.3170267581939696,,,0.000275621649167214,82.40487853903323,754580992,64643.72172152919
dense-lr3e-4-seed0,dense,0,5570560,170,3.2809201776981354,3.2809201776981354,,,0.0002711171677902763,87.47471924033016,754580992,64633.19447417264
dense-lr3e-4-seed0,dense,0,5898240,180,3.20922379642725,3.20922379642725,,,0.000266279991489029,92.55117380898446,754580992,64548.98700824258
dense-lr3e-4-seed0,dense,0,6225920,190,3.1738908722996713,3.1738908722996713,,,0.0002611252856135935,97.60481162834913,754580992,64840.42025021795
dense-lr3e-4-seed0,dense,0,6553600,200,3.0970064878463743,3.0970064878463743,3.136613063812256,23.025747902618637,0.00025566921102197955,103.2217006823048,754580992,58338.34296036745
dense-lr3e-4-seed0,dense,0,6881280,210,3.06718829870224,3.06718829870224,,,0.00024992887341311485,108.50611998327076,754580992,62008.70546742984
dense-lr3e-4-seed0,dense,0,7208960,220,3.045860031247139,3.045860031247139,,,0.00024392226969764143,113.57345566432923,754580992,64665.145675045176
dense-lr3e-4-seed0,dense,0,7536640,230,3.0182112872600557,3.0182112872600557,,,0.00023766823157461491,118.64896814711392,754580992,64560.968200046234
dense-lr3e-4-seed0,dense,0,7864320,240,2.974764162302017,2.974764162302017,,,0.00023118636649100457,123.71986832469702,754580992,64619.690493726
dense-lr3e-4-seed0,dense,0,8192000,250,2.9351995930075647,2.9351995930075647,,,0.00022449699616909418,128.77479904610664,754580992,64823.83598496145
dense-lr3e-4-seed0,dense,0,8519680,260,2.901967319846153,2.901967319846153,,,0.00021762109289451167,133.8397898040712,754580992,64695.083497385
dense-lr3e-4-seed0,dense,0,8847360,270,2.9065384939312935,2.9065384939312935,,,0.00021058021376463477,138.89724703133106,754580992,64791.45255718489
dense-lr3e-4-seed0,dense,0,9175040,280,2.878087905049324,2.878087905049324,,,0.00020339643310351448,143.96640305127949,754580992,64641.92435791985
dense-lr3e-4-seed0,dense,0,9502720,290,2.863038291037083,2.863038291037083,,,0.00019609227325520772,149.0382794532925,754580992,64607.2526274389
dense-lr3e-4-seed0,dense,0,9830400,300,2.831005094945431,2.831005094945431,2.864773488044739,17.545078584398727,0.00018869063397249216,154.67073966003954,754580992,58177.06436833342
dense-lr3e-4-seed0,dense,0,10158080,310,2.8073806539177895,2.8073806539177895,,,0.000181214720622343,159.92422951757908,754580992,62373.77607757837
dense-lr3e-4-seed0,dense,0,10485760,320,2.774725557863712,2.774725557863712,,,0.0001736879714332576,164.99129051156342,754580992,64668.65119425728
dense-lr3e-4-seed0,dense,0,10813440,330,2.762404952943325,2.762404952943325,,,0.00016613398401252148,170.06825307570398,754580992,64542.52830510491
dense-lr3e-4-seed0,dense,0,11141120,340,2.7444609224796297,2.7444609224796297,,,0.0001585764413637948,174.94793249852955,754580992,67151.95233260981
dense-lr3e-4-seed0,dense,0,11468800,350,2.7319778606295584,2.7319778606295584,,,0.00015103903763696703,179.38816026318818,754580992,73798.0160855988
dense-lr3e-4-seed0,dense,0,11796480,360,2.725282607972622,2.725282607972622,,,0.00014354540384306703,183.7934279050678,754580992,74383.6757805224
dense-lr3e-4-seed0,dense,0,12124160,370,2.724300502240658,2.724300502240658,,,0.0001361190337671229,188.19243136234581,754580992,74489.5981970334
dense-lr3e-4-seed0,dense,0,12451840,380,2.7206697508692743,2.7206697508692743,,,0.00012878321031124893,193.18799411412328,754580992,65594.21155973033
dense-lr3e-4-seed0,dense,0,12779520,390,2.6658985793590544,2.6658985793590544,,,0.00012156093249888523,198.25549352634698,754580992,64663.056340880554
dense-lr3e-4-seed0,dense,0,13107200,400,2.6697327524423597,2.6697327524423597,2.7187337064743042,15.161111666859481,0.0001144748433690439,203.93989327922463,754580992,57645.48839727823
dense-lr3e-4-seed0,dense,0,13434880,410,2.6587184071540833,2.6587184071540833,,,0.00010754715898662555,209.3999225543812,754580992,60014.330232799766
dense-lr3e-4-seed0,dense,0,13762560,420,2.658341594040394,2.658341594040394,,,0.00010079959879137066,214.48170549143106,754580992,64481.30588399915
dense-lr3e-4-seed0,dense,0,14090240,430,2.656985153257847,2.656985153257847,,,9.425331750381298e-05,219.57549937814474,754580992,64329.26170308911
dense-lr3e-4-seed0,dense,0,14417920,440,2.619551894068718,2.619551894068718,,,8.792883880172135e-05,224.72358281631023,754580992,63650.87200621761
dense-lr3e-4-seed0,dense,0,14745600,450,2.648795983195305,2.648795983195305,,,8.184599097496543e-05,229.86099847685546,754580992,63783.04222423451
dense-lr3e-4-seed0,dense,0,15073280,460,2.624319376051426,2.624319376051426,,,7.602384476053759e-05,234.935616068542,754580992,64572.353301423
dense-lr3e-4-seed0,dense,0,15400960,470,2.621874986588955,2.621874986588955,,,7.048065355262906e-05,240.01866285223514,754580992,64465.27327885837
dense-lr3e-4-seed0,dense,0,15728640,480,2.5944650307297707,2.5944650307297707,,,6.523379617521104e-05,245.08580969832838,754580992,64667.55552044851
dense-lr3e-4-seed0,dense,0,16056320,490,2.608944146335125,2.608944146335125,,,6.0299722396538645e-05,250.15461132954806,754580992,64646.44384222069
dense-lr3e-4-seed0,dense,0,16384000,500,2.6015807747840882,2.6015807747840882,2.6425440883636475,14.04889982388023,5.5693901356398696e-05,255.78831048309803,754580992,58164.27023681565
dense-lr3e-4-seed0,dense,0,16711680,510,2.5648998975753785,2.5648998975753785,,,5.143077306779053e-05,261.3213089136407,754580992,59222.861548482826
dense-lr3e-4-seed0,dense,0,17039360,520,2.570965476334095,2.570965476334095,,,4.752370314508952e-05,266.3975154943764,754580992,64552.1404198854
dense-lr3e-4-seed0,dense,0,17367040,530,2.5910425573587417,2.5910425573587417,,,4.3984940900629156e-05,271.4992517819628,754580992,64229.1136837698
dense-lr3e-4-seed0,dense,0,17694720,540,2.5774366304278375,2.5774366304278375,,,4.082558094107473e-05,276.565523811616,754580992,64678.72196401407
dense-lr3e-4-seed0,dense,0,18022400,550,2.5631275355815886,2.5631275355815886,,,3.805552838399109e-05,281.6301869386807,754580992,64699.26859477255
dense-lr3e-4-seed0,dense,0,18350080,560,2.5614601165056228,2.5614601165056228,,,3.5683467803655944e-05,286.6774379303679,754580992,64922.469783985165
dense-lr3e-4-seed0,dense,0,18677760,570,2.562539118528366,2.562539118528366,,,3.371683600347878e-05,291.6461890973151,754580992,65948.1606122223
dense-lr3e-4-seed0,dense,0,19005440,580,2.536047396063805,2.536047396063805,,,3.216179870038865e-05,296.70822017639875,754580992,64732.90955363237
dense-lr3e-4-seed0,dense,0,19333120,590,2.5421819254755973,2.5421819254755973,,,3.102323119428867e-05,301.79000183101743,754580992,64481.322156409726
dense-lr3e-4-seed0,dense,0,19660800,600,2.5576677724719046,2.5576677724719046,2.603042707443237,13.504766638299108,3.0304703083182213e-05,307.4538961779326,754580992,57854.18652423653
dense-lr3e-4-seed0,dense,0,19988480,610,2.5433669701218604,2.5433669701218604,,,3.0008467071890887e-05,312.83282503206283,754580992,60919.1920708137
dense-lr3e-4-seed0,dense,0,20021248,611,2.596758410334587,2.596758410334587,2.5993532657623293,13.455033389746886,3.0002116784568186e-05,313.9227199330926,754580992,30065.284248086493
dense-lr6e-4-seed0,dense,0,327680,10,8.47828050851822,8.47828050851822,,,0.00011999999999999999,5.682209162041545,754580992,57667.71173947225
dense-lr6e-4-seed0,dense,0,655360,20,7.561137393116951,7.561137393116951,,,0.00023999999999999998,10.897409674711525,754580992,62831.71648030088
dense-lr6e-4-seed0,dense,0,983040,30,6.465913674235344,6.465913674235344,,,0.00035999999999999997,16.192087250761688,754580992,61888.56550627768
dense-lr6e-4-seed0,dense,0,1310720,40,5.399787819385528,5.399787819385528,,,0.00047999999999999996,21.471100490540266,754580992,62072.20651216706
dense-lr6e-4-seed0,dense,0,1638400,50,4.7195807784795765,4.7195807784795765,,,0.0006,26.764828694052994,754580992,61899.66454691862
dense-lr6e-4-seed0,dense,0,1966080,60,4.337459063529968,4.337459063529968,,,0.0005996571525866135,32.07259522099048,754580992,61735.94831969131
dense-lr6e-4-seed0,dense,0,2293760,70,4.015387739241123,4.015387739241123,,,0.0005984731188368243,37.36004442628473,754580992,61973.17218137972
dense-lr6e-4-seed0,dense,0,2621440,80,3.7954214200377465,3.7954214200377465,,,0.0005964473773237154,42.487753465771675,754580992,63903.78187932172
dense-lr6e-4-seed0,dense,0,2949120,90,3.6314602464437487,3.6314602464437487,,,0.0005935862790829717,47.60240506194532,754580992,64066.92495831835
dense-lr6e-4-seed0,dense,0,3276800,100,3.5144937828183176,3.5144937828183176,3.473493709564209,32.249215248446276,0.0005898987941321918,53.3345364369452,754580992,57165.47276448402
dense-lr6e-4-seed0,dense,0,3604480,110,3.3980440497398376,3.3980440497398376,,,0.0005853964833483966,6.138545355759561,808117760,53380.72474980583
dense-lr6e-4-seed0,dense,0,3932160,120,3.304310217499733,3.304310217499733,,,0.0005800934622227608,11.544943768531084,808117760,60609.66561878278
dense-lr6e-4-seed0,dense,0,4259840,130,3.2276332288980485,3.2276332288980485,,,0.0005740063566062069,16.699178088456392,808117760,63574.91329667537
dense-lr6e-4-seed0,dense,0,4587520,140,3.122639130055904,3.122639130055904,,,0.0005671542505846046,21.84860099107027,808117760,63634.31518387578
dense-lr6e-4-seed0,dense,0,4915200,150,3.0898957744240763,3.0898957744240763,,,0.0005595586266469957,27.001443998888135,808117760,63592.07907224143
dense-lr6e-4-seed0,dense,0,5242880,160,3.0250229820609094,3.0250229820609094,,,0.000551243298334428,32.17172840423882,808117760,63377.5580432068
dense-lr6e-4-seed0,dense,0,5570560,170,2.9960838571190833,2.9960838571190833,,,0.0005422343355805525,37.37970734294504,808117760,62918.841235061365
dense-lr6e-4-seed0,dense,0,5898240,180,2.9325548082590105,2.9325548082590105,,,0.000532559982978058,42.32683460228145,808117760,66236.42021368856
dense-lr6e-4-seed0,dense,0,6225920,190,2.897212278842926,2.897212278842926,,,0.000522250571227187,47.40533718839288,808117760,64522.95621471806
dense-lr6e-4-seed0,dense,0,6553600,200,2.8275887846946715,2.8275887846946715,2.870412883758545,17.6443017417258,0.0005113384220439591,53.02265260927379,808117760,58333.91494839947
dense-lr6e-4-seed0,dense,0,6881280,210,2.802299425005913,2.802299425005913,,,0.0004998577468262297,58.27908409200609,808117760,62338.870215744115
dense-lr6e-4-seed0,dense,0,7208960,220,2.7825180307030677,2.7825180307030677,,,0.00048784453939528286,63.36106941383332,808117760,64478.73798308853
dense-lr6e-4-seed0,dense,0,7536640,230,2.7537945210933685,2.7537945210933685,,,0.00047533646314922983,68.44313266593963,808117760,64477.749241745456
dense-lr6e-4-seed0,dense,0,7864320,240,2.7119733870029448,2.7119733870029448,,,0.00046237273298200914,73.55429598223418,808117760,64110.649517957245
dense-lr6e-4-seed0,dense,0,8192000,250,2.6771832302212717,2.6771832302212717,,,0.00044899399233818836,78.115503388457,808117760,71840.62701313444
dense-lr6e-4-seed0,dense,0,8519680,260,2.644185073673725,2.644185073673725,,,0.00043524218578902334,82.5376450382173,808117760,74099.84255428844
dense-lr6e-4-seed0,dense,0,8847360,270,2.6473697155714033,2.6473697155714033,,,0.00042116042752926954,86.98723510093987,808117760,73642.73907954185
dense-lr6e-4-seed0,dense,0,9175040,280,2.6179832383990287,2.6179832383990287,,,0.00040679286620702896,91.40014143567532,808117760,74254.91844699303
dense-lr6e-4-seed0,dense,0,9502720,290,2.602545712888241,2.602545712888241,,,0.00039218454651041544,95.81615640874952,808117760,74202.64695612805
dense-lr6e-4-seed0,dense,0,9830400,300,2.5718325838446616,2.5718325838446616,2.616827964782715,13.692222416225984,0.0003773812679449843,100.73906468972564,808117760,66562.28011930936
dense-lr6e-4-seed0,dense,0,10158080,310,2.5490138605237007,2.5490138605237007,,,0.000362429441244686,105.99330218881369,808117760,62364.90072191707
dense-lr6e-4-seed0,dense,0,10485760,320,2.5163327172398566,2.5163327172398566,,,0.0003473759428665152,111.08044635783881,808117760,64413.35042069293
dense-lr6e-4-seed0,dense,0,10813440,330,2.5042816430330275,2.5042816430330275,,,0.00033226796802504296,116.19864934589714,808117760,64022.470535954766
dense-lr6e-4-seed0,dense,0,11141120,340,2.4831941321492197,2.4831941321492197,,,0.0003171528827275896,120.5348732182756,808117760,75568.05405904095
dense-lr6e-4-seed0,dense,0,11468800,350,2.4702916339039804,2.4702916339039804,,,0.00030207807527393406,124.98231877852231,808117760,73678.24868480754
dense-lr6e-4-seed0,dense,0,11796480,360,2.465794238448143,2.465794238448143,,,0.00028709080768613406,129.41085882671177,808117760,73992.78236943274
dense-lr6e-4-seed0,dense,0,12124160,370,2.4638974606990813,2.4638974606990813,,,0.0002722380675342458,133.86060173437,808117760,73640.20951323886
dense-lr6e-4-seed0,dense,0,12451840,380,2.4609912872314452,2.4609912872314452,,,0.00025756642062249786,138.46920901257545,808117760,71101.7407687633
dense-lr6e-4-seed0,dense,0,12779520,390,2.4062517821788787,2.4062517821788787,,,0.00024312186499777047,143.59565111622214,808117760,63919.57489716011
dense-lr6e-4-seed0,dense,0,13107200,400,2.409126529097557,2.409126529097557,2.467723593711853,11.795564768172554,0.0002289496867380878,149.264268534258,808117760,57805.98262945372
dense-lr6e-4-seed0,dense,0,13434880,410,2.3972509056329727,2.3972509056329727,,,0.0002150943179732511,155.58682361152023,808117760,51827.14835944003
dense-lr6e-4-seed0,dense,0,13762560,420,2.3923671379685403,2.3923671379685403,,,0.00020159919758274132,161.63945534825325,808117760,54138.43337127747
dense-lr6e-4-seed0,dense,0,14090240,430,2.3916599601507187,2.3916599601507187,,,0.00018850663500762595,166.8188796127215,808117760,63265.718981150385
dense-lr6e-4-seed0,dense,0,14417920,440,2.3522630095481873,2.3522630095481873,,,0.0001758576776034427,171.92258588504046,808117760,64204.321823385966
dense-lr6e-4-seed0,dense,0,14745600,450,2.382957263290882,2.382957263290882,,,0.00016369198194993086,177.02668045740575,808117760,64199.437403478616
dense-lr6e-4-seed0,dense,0,15073280,460,2.355414463579655,2.355414463579655,,,0.00015204768952107518,182.13072474859655,808117760,64200.06984766003
dense-lr6e-4-seed0,dense,0,15400960,470,2.353349605947733,2.353349605947733,,,0.00014096130710525813,187.22340845502913,808117760,64343.28516929229
dense-lr6e-4-seed0,dense,0,15728640,480,2.3244454681873323,2.3244454681873323,,,0.00013046759235042207,192.33626370690763,808117760,64089.4341531785
dense-lr6e-4-seed0,dense,0,16056320,490,2.3386157408356665,2.3386157408356665,,,0.00012059944479307729,197.48022932372987,808117760,63701.82548040221
dense-lr6e-4-seed0,dense,0,16384000,500,2.3296748429536818,2.3296748429536818,2.3840540170669557,10.848795034238032,0.00011138780271279739,203.1235053120181,808117760,58065.56345641271
dense-lr6e-4-seed0,dense,0,16711680,510,2.2942786902189254,2.2942786902189254,,,0.00010286154613558106,208.20733338128775,808117760,64455.3662191559
dense-lr6e-4-seed0,dense,0,17039360,520,2.299472823739052,2.299472823739052,,,9.504740629017904e-05,212.8293352779001,808117760,70895.68704854276
dense-lr6e-4-seed0,dense,0,17367040,530,2.3175903409719467,2.3175903409719467,,,8.796988180125831e-05,217.25691730808467,808117760,74008.79255676725
dense-lr6e-4-seed0,dense,0,17694720,540,2.303775931894779,2.303775931894779,,,8.165116188214946e-05,221.68279842101038,808117760,74037.2349910205
dense-lr6e-4-seed0,dense,0,18022400,550,2.2857249952852725,2.2857249952852725,,,7.611105676798218e-05,226.11168518383056,808117760,73986.98985732095
dense-lr6e-4-seed0,dense,0,18350080,560,2.2841283336281775,2.2841283336281775,,,7.136693560731189e-05,230.56528851855546,808117760,73576.37745711824
dense-lr6e-4-seed0,dense,0,18677760,570,2.287169858813286,2.287169858813286,,,6.743367200695756e-05,234.9977854695171,808117760,73926.72879987168
dense-lr6e-4-seed0,dense,0,19005440,580,2.262052243947983,2.262052243947983,,,6.43235974007773e-05,239.76125027239323,808117760,68790.26371773574
dense-lr6e-4-seed0,dense,0,19333120,590,2.270831786096096,2.270831786096096,,,6.204646238857735e-05,244.90490651782602,808117760,63705.65690328876
dense-lr6e-4-seed0,dense,0,19660800,600,2.2827657580375673,2.2827657580375673,2.340100951194763,10.382284613866087,6.0609406166364426e-05,250.6363291684538,808117760,57172.5416139233
dense-lr6e-4-seed0,dense,0,19988480,610,2.2700860999524592,2.2700860999524592,,,6.0016934143781774e-05,256.0088346712291,808117760,60992.026872886054
dense-lr6e-4-seed0,dense,0,20021248,611,2.3204157799482346,2.3204157799482346,2.336292195320129,10.34281623677019,6.000423356913637e-05,257.0886533120647,808117760,30345.836569966534
l1-a1e-5-lr6e-4-seed0,l1,0,327680,10,8.478555977344513,9.801675522327423,,,0.00011999999999999999,7.1417399840429425,793903616,45882.37610612368
l1-a1e-5-lr6e-4-seed0,l1,0,655360,20,7.5602528810501095,8.858636194467545,,,0.00023999999999999998,13.488273662514985,793903616,51631.33398496209
l1-a1e-5-lr6e-4-seed0,l1,0,983040,30,6.454929026961326,7.702755555510521,,,0.00035999999999999997,19.867215545848012,793903616,51369.02106855152
l1-a1e-5-lr6e-4-seed0,l1,0,1310720,40,5.4045355945825575,6.582400360703469,,,0.00047999999999999996,26.267469593323767,793903616,51197.967700865905
l1-a1e-5-lr6e-4-seed0,l1,0,1638400,50,4.735707446932793,5.822793260216713,,,0.0006,32.58823655731976,793903616,51841.80999972201
l1-a1e-5-lr6e-4-seed0,l1,0,1966080,60,4.3907407283782955,5.380121785402298,,,0.0005996571525866135,38.79151072446257,793903616,52823.71714854052
l1-a1e-5-lr6e-4-seed0,l1,0,2293760,70,4.150548574328423,5.0560298204422,,,0.0005984731188368243,44.98465810343623,793903616,52910.09238896937
l1-a1e-5-lr6e-4-seed0,l1,0,2621440,80,3.9631413713097574,4.801993715763092,,,0.0005964473773237154,51.20272395107895,793903616,52698.058854462615
l1-a1e-5-lr6e-4-seed0,l1,0,2949120,90,3.812620036303997,4.597110107541084,,,0.0005935862790829717,57.41565542668104,793903616,52741.6085766896
l1-a1e-5-lr6e-4-seed0,l1,0,3276800,100,3.713069996237755,4.4500310748815535,3.692556133270264,40.14733785729184,0.0005898987941321918,64.31299641635269,793903616,47508.16299943428
l1-a1e-5-lr6e-4-seed0,l1,0,3604480,110,3.6054958537220956,4.302179044485092,,,0.0005853964833483966,70.36862738151103,793903616,54111.6197280413
l1-a1e-5-lr6e-4-seed0,l1,0,3932160,120,3.5225109592080117,4.183017864823341,,,0.0005800934622227608,76.6163392458111,793903616,52448.00130306742
l1-a1e-5-lr6e-4-seed0,l1,0,4259840,130,3.4524929374456406,4.08070650100708,,,0.0005740063566062069,82.92608445510268,793903616,51932.366384218876
l1-a1e-5-lr6e-4-seed0,l1,0,4587520,140,3.354489842057228,3.954109311103821,,,0.0005671542505846046,89.12302431464195,793903616,52877.71181054552
l1-a1e-5-lr6e-4-seed0,l1,0,4915200,150,3.324843779206276,3.899278201162815,,,0.0005595586266469957,95.57816063426435,793903616,50762.677002484765
l1-a1e-5-lr6e-4-seed0,l1,0,5242880,160,3.272214928269386,3.8245220631361008,,,0.000551243298334428,101.91783296968788,793903616,51687.21389101712
l1-a1e-5-lr6e-4-seed0,l1,0,5570560,170,3.2456861242651938,3.778118911385536,,,0.0005422343355805525,108.40397312026471,793903616,50520.03077220873
l1-a1e-5-lr6e-4-seed0,l1,0,5898240,180,3.186162534356117,3.70088170170784,,,0.000532559982978058,114.90841148607433,793903616,50377.90837137298
l1-a1e-5-lr6e-4-seed0,l1,0,6225920,190,3.1624499425292014,3.6615905553102492,,,0.000522250571227187,121.41803832910955,793903616,50337.75482086064
l1-a1e-5-lr6e-4-seed0,l1,0,6553600,200,3.0949403584003448,3.5800882413983346,3.141424322128296,23.136797654001263,0.0005113384220439591,128.55068685207516,793903616,45940.858987364954
l1-a1e-5-lr6e-4-seed0,l1,0,6881280,210,3.069493669271469,3.5420136138796807,,,0.0004998577468262297,135.03117413632572,793903616,50564.09890601227
l1-a1e-5-lr6e-4-seed0,l1,0,7208960,220,3.051126691699028,3.5123789489269255,,,0.00048784453939528286,141.48007884528488,793903616,50811.72924524214
l1-a1e-5-lr6e-4-seed0,l1,0,7536640,230,3.030072417855263,3.4812306985259056,,,0.00047533646314922983,147.98731882032007,793903616,50356.21880507456
l1-a1e-5-lr6e-4-seed0,l1,0,7864320,240,2.99067412763834,3.43280234336853,,,0.00046237273298200914,154.5298165595159,793903616,50084.8472651176
l1-a1e-5-lr6e-4-seed0,l1,0,8192000,250,2.9572836264967917,3.391207477450371,,,0.00044899399233818836,160.98994012083858,793903616,50723.488009091365
l1-a1e-5-lr6e-4-seed0,l1,0,8519680,260,2.9229191929101943,3.349082738161087,,,0.00043524218578902334,167.31969967391342,793903616,51768.15916187865
l1-a1e-5-lr6e-4-seed0,l1,0,8847360,270,2.9321526378393172,3.3512952014803887,,,0.00042116042752926954,173.63289726804942,793903616,51903.96706486185
l1-a1e-5-lr6e-4-seed0,l1,0,9175040,280,2.9030077025294303,3.315790128707886,,,0.00040679286620702896,179.96539238467813,793903616,51745.795924821854
l1-a1e-5-lr6e-4-seed0,l1,0,9502720,290,2.8894894137978553,3.2962318673729896,,,0.00039218454651041544,186.4286110382527,793903616,50699.197654216965
l1-a1e-5-lr6e-4-seed0,l1,0,9830400,300,2.8597194135189055,3.2609573781490324,2.899487404823303,18.164831777441197,0.0003773812679449843,193.47240458708256,793903616,46520.386738824236
l1-a1e-5-lr6e-4-seed0,l1,0,10158080,310,2.8403521165251733,3.2366236820816994,,,0.000362429441244686,199.9989667572081,793903616,50207.13684455668
l1-a1e-5-lr6e-4-seed0,l1,0,10485760,320,2.806163050234318,3.1976378694176675,,,0.0003473759428665152,206.08073417004198,793903616,53879.074577650405
l1-a1e-5-lr6e-4-seed0,l1,0,10813440,330,2.7950438514351843,3.182094801962376,,,0.00033226796802504296,212.47786389105022,793903616,51222.97253468152
l1-a1e-5-lr6e-4-seed0,l1,0,11141120,340,2.7768207266926765,3.1597880423069,,,0.0003171528827275896,218.80202459543943,793903616,51813.99007975513
l1-a1e-5-lr6e-4-seed0,l1,0,11468800,350,2.764254538714886,3.1433168962597846,,,0.00030207807527393406,225.03655868861824,793903616,52558.85926720876
l1-a1e-5-lr6e-4-seed0,l1,0,11796480,360,2.7602693259716036,3.1357961311936378,,,0.00028709080768613406,231.41790852788836,793903616,51349.63734216448
l1-a1e-5-lr6e-4-seed0,l1,0,12124160,370,2.7568976104259493,3.129118320345879,,,0.0002722380675342458,237.7892581326887,793903616,51430.23383195253
l1-a1e-5-lr6e-4-seed0,l1,0,12451840,380,2.753231869637966,3.1222534596920015,,,0.00025756642062249786,244.17864767741412,793903616,51285.02460309484
l1-a1e-5-lr6e-4-seed0,l1,0,12779520,390,2.6987220272421837,3.064748388528824,,,0.00024312186499777047,250.43234900571406,793903616,52397.76938453173
l1-a1e-5-lr6e-4-seed0,l1,0,13107200,400,2.704770042002201,3.067997068166733,2.7574371528625488,15.759402209838806,0.0002289496867380878,257.37098447512835,793903616,47225.423708223745
l1-a1e-5-lr6e-4-seed0,l1,0,13434880,410,2.695221184194088,3.055866223573685,,,0.0002150943179732511,263.80887885112315,793903616,50898.62940619711
l1-a1e-5-lr6e-4-seed0,l1,0,13762560,420,2.690043157339096,3.0483038648962975,,,0.00020159919758274132,270.0055797472596,793903616,52879.75093396922
l1-a1e-5-lr6e-4-seed0,l1,0,14090240,430,2.6872294932603835,3.0432461693882944,,,0.00018850663500762595,276.3642874136567,793903616,51532.483830266516
l1-a1e-5-lr6e-4-seed0,l1,0,14417920,440,2.650359196960926,3.0042811438441275,,,0.0001758576776034427,282.79949689656496,793903616,50919.86529270098
l1-a1e-5-lr6e-4-seed0,l1,0,14745600,450,2.6802283450961113,3.0321972712874414,,,0.00016369198194993086,289.17619681824,793903616,51387.08172328819
l1-a1e-5-lr6e-4-seed0,l1,0,15073280,460,2.656576457619667,3.006695881485939,,,0.00015204768952107518,295.5526395589113,793903616,51389.15431796077
l1-a1e-5-lr6e-4-seed0,l1,0,15400960,470,2.65293250977993,3.001362347602844,,,0.00014096130710525813,301.91502422466874,793903616,51502.70177211785
l1-a1e-5-lr6e-4-seed0,l1,0,15728640,480,2.623698690533638,2.970550721883774,,,0.00013046759235042207,308.34586580842733,793903616,50954.450631713895
l1-a1e-5-lr6e-4-seed0,l1,0,16056320,490,2.642232932150364,2.987626890838146,,,0.00012059944479307729,314.9056216785684,793903616,49953.07851189166
l1-a1e-5-lr6e-4-seed0,l1,0,16384000,500,2.6293843731284143,2.9734519377350805,2.6733363389968874,14.488226281374823,0.00011138780271279739,321.7000209093094,793903616,48227.957891762686
l1-a1e-5-lr6e-4-seed0,l1,0,16711680,510,2.593963584303856,2.9367929130792616,,,0.00010286154613558106,327.65479118935764,793903616,55028.15131221902
l1-a1e-5-lr6e-4-seed0,l1,0,17039360,520,2.602008265256882,2.943688963353634,,,9.504740629017904e-05,334.0759259397164,793903616,51031.47850645743
l1-a1e-5-lr6e-4-seed0,l1,0,17367040,530,2.6182994842529297,2.9589019775390626,,,8.796988180125831e-05,340.4578701267019,793903616,51344.85517253943
l1-a1e-5-lr6e-4-seed0,l1,0,17694720,540,2.6050462901592253,2.94464500695467,,,8.165116188214946e-05,346.706826207228,793903616,52437.558494156016
l1-a1e-5-lr6e-4-seed0,l1,0,18022400,550,2.587567377090454,2.9262310028076173,,,7.611105676798218e-05,353.10478360950947,793903616,51216.345998670105
l1-a1e-5-lr6e-4-seed0,l1,0,18350080,560,2.5870788797736166,2.924876280128956,,,7.136693560731189e-05,359.48363915551454,793903616,51369.71634437127
l1-a1e-5-lr6e-4-seed0,l1,0,18677760,570,2.58961793333292,2.926637923717499,,,6.743367200695756e-05,365.8746377900243,793903616,51272.112347296184
l1-a1e-5-lr6e-4-seed0,l1,0,19005440,580,2.5643653184175492,2.900652302801609,,,6.43235974007773e-05,372.2840805295855,793903616,51124.56937596941
l1-a1e-5-lr6e-4-seed0,l1,0,19333120,590,2.5711804285645483,2.9067663490772246,,,6.204646238857735e-05,378.84250811859965,793903616,49963.19553011259
l1-a1e-5-lr6e-4-seed0,l1,0,19660800,600,2.5852160111069677,2.920141729712486,2.6295029401779173,13.866875522132332,6.0609406166364426e-05,385.8844863064587,793903616,46532.37929151029
l1-a1e-5-lr6e-4-seed0,l1,0,19988480,610,2.570025297999382,2.9043273270130157,,,6.0016934143781774e-05,392.51604255847633,793903616,49412.23259627859
l1-a1e-5-lr6e-4-seed0,l1,0,20021248,611,2.6246502697467804,2.958619385957718,2.6271808338165283,13.834712519678485,6.000423356913637e-05,393.7320303302258,793903616,26947.639409938474
l1-a1e-6-lr6e-4-seed0,l1,0,327680,10,8.47828712463379,8.610853385925292,,,0.00011999999999999999,6.934543902985752,793903616,47253.28797167373
l1-a1e-6-lr6e-4-seed0,l1,0,655360,20,7.561190181970597,7.693354946374893,,,0.00023999999999999998,13.514614203944802,793903616,49798.860044434536
l1-a1e-6-lr6e-4-seed0,l1,0,983040,30,6.465877109766007,6.597281128168106,,,0.00035999999999999997,20.036494032479823,793903616,50243.18273487803
l1-a1e-6-lr6e-4-seed0,l1,0,1310720,40,5.400622799992561,5.531201127171516,,,0.00047999999999999996,26.41615445446223,793903616,51363.23539587035
l1-a1e-6-lr6e-4-seed0,l1,0,1638400,50,4.723847922682762,4.853638848662376,,,0.0006,33.04200874827802,793903616,49454.75488433824
l1-a1e-6-lr6e-4-seed0,l1,0,1966080,60,4.327795326709747,4.457075935602188,,,0.0005996571525866135,39.63711789995432,793903616,49685.30352779873
l1-a1e-6-lr6e-4-seed0,l1,0,2293760,70,4.011360618472099,4.1404468566179276,,,0.0005984731188368243,46.215575096197426,793903616,49811.071232193295
l1-a1e-6-lr6e-4-seed0,l1,0,2621440,80,3.796859399974346,3.9258187144994734,,,0.0005964473773237154,52.79070075880736,793903616,49836.309876689185
l1-a1e-6-lr6e-4-seed0,l1,0,2949120,90,3.6382557168602943,3.7671063393354416,,,0.0005935862790829717,59.37151321861893,793903616,49793.243919517896
l1-a1e-6-lr6e-4-seed0,l1,0,3276800,100,3.5182661548256875,3.6470098063349723,3.4788672590255736,32.42297443535828,0.0005898987941321918,66.5400535799563,793903616,45710.83979205887
l1-a1e-6-lr6e-4-seed0,l1,0,3604480,110,3.40233236849308,3.53102046251297,,,0.0005853964833483966,73.06351118441671,793903616,50231.03082266505
l1-a1e-6-lr6e-4-seed0,l1,0,3932160,120,3.3110284760594366,3.439699311554432,,,0.0005800934622227608,79.35221755877137,793903616,52106.10584973068
l1-a1e-6-lr6e-4-seed0,l1,0,4259840,130,3.2342356979846953,3.3629431143403052,,,0.0005740063566062069,85.70187221560627,793903616,51605.95618334588
l1-a1e-6-lr6e-4-seed0,l1,0,4587520,140,3.1286466658115386,3.257439213991165,,,0.0005671542505846046,91.92729210946709,793903616,52635.806995627856
l1-a1e-6-lr6e-4-seed0,l1,0,4915200,150,3.095681016147137,3.224585573375225,,,0.0005595586266469957,98.1280765524134,793903616,52844.92680160032
l1-a1e-6-lr6e-4-seed0,l1,0,5242880,160,3.0310942023992538,3.16012202501297,,,0.000551243298334428,103.90034767612815,793903616,56767.95025336951
l1-a1e-6-lr6e-4-seed0,l1,0,5570560,170,3.001329632103443,3.1304816350340845,,,0.0005422343355805525,110.140759752132,793903616,52509.35290956543
l1-a1e-6-lr6e-4-seed0,l1,0,5898240,180,2.936460901796818,3.0657334879040716,,,0.000532559982978058,115.84775079321116,793903616,57417.29707324674
l1-a1e-6-lr6e-4-seed0,l1,0,6225920,190,2.903380538523197,3.0327811256051063,,,0.000522250571227187,121.51191285252571,793903616,57851.45208921765
l1-a1e-6-lr6e-4-seed0,l1,0,6553600,200,2.832667127251625,2.9621893912553787,2.876296443939209,17.748419042726212,0.0005113384220439591,128.4730277173221,793903616,47072.91954872577
l1-a1e-6-lr6e-4-seed0,l1,0,6881280,210,2.8078763261437416,2.9375288426876067,,,0.0004998577468262297,134.8109215144068,793903616,51701.71834541099
l1-a1e-6-lr6e-4-seed0,l1,0,7208960,220,2.7869406640529633,2.9167307555675506,,,0.00048784453939528286,141.14802849758416,793903616,51708.13762018965
l1-a1e-6-lr6e-4-seed0,l1,0,7536640,230,2.756742560863495,2.8866641402244566,,,0.00047533646314922983,147.45754496846348,793903616,51934.24908427783
l1-a1e-6-lr6e-4-seed0,l1,0,7864320,240,2.716894398629665,2.846950334310532,,,0.00046237273298200914,153.70935790799558,793903616,52413.59637105909
l1-a1e-6-lr6e-4-seed0,l1,0,8192000,250,2.6823949202895165,2.8125713929533958,,,0.00044899399233818836,160.1486541396007,793903616,50887.54861000078
l1-a1e-6-lr6e-4-seed0,l1,0,8519680,260,2.648112212121487,2.778398631513119,,,0.00043524218578902334,166.56839193589985,793903616,51042.583108129504
l1-a1e-6-lr6e-4-seed0,l1,0,8847360,270,2.652879087626934,2.7832712933421133,,,0.00042116042752926954,173.15240626223385,793903616,49769.02900854611
l1-a1e-6-lr6e-4-seed0,l1,0,9175040,280,2.6212878435850144,2.751778155565262,,,0.00040679286620702896,179.4267730899155,793903616,52225.19004695741
l1-a1e-6-lr6e-4-seed0,l1,0,9502720,290,2.6083518281579017,2.738922764360905,,,0.00039218454651041544,185.67966162133962,793903616,52404.580435623146
l1-a1e-6-lr6e-4-seed0,l1,0,9830400,300,2.5757260844111443,2.706370162963867,2.616043949127197,13.681491706564682,0.0003773812679449843,192.51330389082432,793903616,47951.002858788685
l1-a1e-6-lr6e-4-seed0,l1,0,10158080,310,2.551063118875027,2.681775318086147,,,0.000362429441244686,199.09245074819773,793903616,49805.84977104755
l1-a1e-6-lr6e-4-seed0,l1,0,10485760,320,2.519510158896446,2.6502681940793993,,,0.0003473759428665152,205.42735403962433,793903616,51726.1250765215
l1-a1e-6-lr6e-4-seed0,l1,0,10813440,330,2.5070765376091004,2.637870466709137,,,0.00033226796802504296,211.73785416875035,793903616,51926.15375881195
l1-a1e-6-lr6e-4-seed0,l1,0,11141120,340,2.4873078167438507,2.6181383088231085,,,0.0003171528827275896,217.98293311242014,793903616,52470.11334134479
l1-a1e-6-lr6e-4-seed0,l1,0,11468800,350,2.475838714838028,2.606697916984558,,,0.00030207807527393406,224.22014529816806,793903616,52536.291894758906
l1-a1e-6-lr6e-4-seed0,l1,0,11796480,360,2.4709644466638565,2.6018516585230826,,,0.00028709080768613406,230.54417366720736,793903616,51815.07432892476
l1-a1e-6-lr6e-4-seed0,l1,0,12124160,370,2.4687104925513266,2.5996133208274843,,,0.0002722380675342458,236.93956320174038,793903616,51236.91031338037
l1-a1e-6-lr6e-4-seed0,l1,0,12451840,380,2.465078407526016,2.595986706018448,,,0.00025756642062249786,243.31808566953987,793903616,51372.39880461623
l1-a1e-6-lr6e-4-seed0,l1,0,12779520,390,2.410981151461601,2.5418821543455126,,,0.00024312186499777047,249.36569233424962,793903616,54183.41803082971
l1-a1e-6-lr6e-4-seed0,l1,0,13107200,400,2.4130403622984886,2.5439311072230337,2.470717077255249,11.830927499661572,0.0002289496867380878,256.1656942041591,793903616,48188.22204299816
l1-a1e-6-lr6e-4-seed0,l1,0,13434880,410,2.401302161812782,2.532178822159767,,,0.0002150943179732511,262.56936848536134,793903616,51170.622616127155
l1-a1e-6-lr6e-4-seed0,l1,0,13762560,420,2.395544783771038,2.5264069333672525,,,0.00020159919758274132,268.8675570078194,793903616,52027.658243566206
l1-a1e-6-lr6e-4-seed0,l1,0,14090240,430,2.396603912115097,2.527445267140865,,,0.00018850663500762595,275.1868348605931,793903616,51854.02630399836
l1-a1e-6-lr6e-4-seed0,l1,0,14417920,440,2.356885166466236,2.4877038583159448,,,0.0001758576776034427,281.3860969757661,793903616,52857.90371695767
l1-a1e-6-lr6e-4-seed0,l1,0,14745600,450,2.3855443462729453,2.5163378700613976,,,0.00016369198194993086,287.5918228859082,793903616,52802.84768369646
l1-a1e-6-lr6e-4-seed0,l1,0,15073280,460,2.359472243487835,2.4902404665946962,,,0.00015204768952107518,293.79254770092666,793903616,52845.434973398944
l1-a1e-6-lr6e-4-seed0,l1,0,15400960,470,2.3574693620204927,2.48820897936821,,,0.00014096130710525813,300.10178971569985,793903616,51936.50825768485
l1-a1e-6-lr6e-4-seed0,l1,0,15728640,480,2.3266732290387155,2.457382346689701,,,0.00013046759235042207,305.81116292253137,793903616,57393.340412204365
l1-a1e-6-lr6e-4-seed0,l1,0,16056320,490,2.3439338490366937,2.47461051940918,,,0.00012059944479307729,311.3547973399982,793903616,59109.236887546125
l1-a1e-6-lr6e-4-seed0,l1,0,16384000,500,2.333699982613325,2.464343635737896,2.3858602952957155,10.868408685039176,0.00011138780271279739,317.6650583771989,793903616,51928.1212089703
l1-a1e-6-lr6e-4-seed0,l1,0,16711680,510,2.296366787701845,2.4269788682460787,,,0.00010286154613558106,324.27819807548076,793903616,49549.83789093891
l1-a1e-6-lr6e-4-seed0,l1,0,17039360,520,2.3030331410467624,2.4336151391267777,,,9.504740629017904e-05,330.5653929160908,793903616,52118.63292091107
l1-a1e-6-lr6e-4-seed0,l1,0,17367040,530,2.319719863682985,2.450270964205265,,,8.796988180125831e-05,336.23022034950554,793903616,57844.65702646736
l1-a1e-6-lr6e-4-seed0,l1,0,17694720,540,2.3064214788377284,2.4369435399770736,,,8.165116188214946e-05,342.11681927740574,793903616,55665.419712378214
l1-a1e-6-lr6e-4-seed0,l1,0,18022400,550,2.287777046859264,2.418269734084606,,,7.611105676798218e-05,348.1935177464038,793903616,53924.01839119522
l1-a1e-6-lr6e-4-seed0,l1,0,18350080,560,2.2865562781691553,2.4170209646224974,,,7.136693560731189e-05,354.4443194800988,793903616,52422.07543292242
l1-a1e-6-lr6e-4-seed0,l1,0,18677760,570,2.289024193584919,2.419460828602314,,,6.743367200695756e-05,360.65517132356763,793903616,52759.268496249664
l1-a1e-6-lr6e-4-seed0,l1,0,19005440,580,2.2645524494349956,2.394963930547237,,,6.43235974007773e-05,366.76133580412716,793903616,53663.80172745913
l1-a1e-6-lr6e-4-seed0,l1,0,19333120,590,2.2731317579746246,2.4035173520445823,,,6.204646238857735e-05,373.054038467817,793903616,52073.01496871589
l1-a1e-6-lr6e-4-seed0,l1,0,19660800,600,2.284704726934433,2.4150645196437837,2.3397154235839843,10.378282727952804,6.0609406166364426e-05,379.69606689643115,793903616,49334.32663256012
l1-a1e-6-lr6e-4-seed0,l1,0,19988480,610,2.271017426252365,2.4013541758060457,,,6.0016934143781774e-05,386.0792548507452,793903616,51334.850602125654
l1-a1e-6-lr6e-4-seed0,l1,0,20021248,611,2.319122314453125,2.449446201324463,2.335926766395569,10.339037363052794,6.000423356913637e-05,387.2600881094113,793903616,27749.895897254486
l1-a1e-7-lr6e-4-seed0,l1,0,327680,10,8.47828358411789,8.491544809937476,,,0.00011999999999999999,6.389039549045265,793903616,51287.83402960251
l1-a1e-7-lr6e-4-seed0,l1,0,655360,20,7.5611542701721195,7.574426221847534,,,0.00023999999999999998,12.558860193006694,793903616,53110.133812513544
l1-a1e-7-lr6e-4-seed0,l1,0,983040,30,6.466050904989243,6.47935876250267,,,0.00035999999999999997,18.677938029170036,793903616,53550.552676979045
l1-a1e-7-lr6e-4-seed0,l1,0,1310720,40,5.400126504898071,5.413495397567749,,,0.00047999999999999996,24.82768534310162,793903616,53283.490080588606
l1-a1e-7-lr6e-4-seed0,l1,0,1638400,50,4.71971555352211,4.733169561624527,,,0.0006,30.942992373369634,793903616,53583.572889820854
l1-a1e-7-lr6e-4-seed0,l1,0,1966080,60,4.328023354709148,4.3415833622217175,,,0.0005996571525866135,37.048571994528174,793903616,53668.942235139075
l1-a1e-7-lr6e-4-seed0,l1,0,2293760,70,4.002565783262253,4.016222916543484,,,0.0005984731188368243,43.201039023697376,793903616,53259.9359649471
l1-a1e-7-lr6e-4-seed0,l1,0,2621440,80,3.7857775017619133,3.799524164199829,,,0.0005964473773237154,49.30052427854389,793903616,53722.566136155976
l1-a1e-7-lr6e-4-seed0,l1,0,2949120,90,3.6274705588817597,3.641297070682049,,,0.0005935862790829717,55.42020111903548,793903616,53545.311058235144
l1-a1e-7-lr6e-4-seed0,l1,0,3276800,100,3.507285165786743,3.521185207366943,3.4673531579971315,32.05179403711581,0.0005898987941321918,62.198264161124825,793903616,48344.19478916389
l1-a1e-7-lr6e-4-seed0,l1,0,3604480,110,3.3923403903841973,3.4063131898641585,,,0.0005853964833483966,68.52367811277509,793903616,51803.72423128296
l1-a1e-7-lr6e-4-seed0,l1,0,3932160,120,3.302616088092327,3.316658417880535,,,0.0005800934622227608,74.66917001735419,793903616,53320.38591668154
l1-a1e-7-lr6e-4-seed0,l1,0,4259840,130,3.224846690893173,3.2389579236507418,,,0.0005740063566062069,80.79086696635932,793903616,53527.64155586846
l1-a1e-7-lr6e-4-seed0,l1,0,4587520,140,3.122227795422077,3.1364069297909736,,,0.0005671542505846046,86.90285399742424,793903616,53612.67920473751
l1-a1e-7-lr6e-4-seed0,l1,0,4915200,150,3.088658611476421,3.102904240787029,,,0.0005595586266469957,93.00040094088763,793903616,53739.64366953753
l1-a1e-7-lr6e-4-seed0,l1,0,5242880,160,3.02236905246973,3.036677695810795,,,0.000551243298334428,99.11371886730194,793903616,53601.00749613664
l1-a1e-7-lr6e-4-seed0,l1,0,5570560,170,2.995129455626011,3.0094993248581887,,,0.0005422343355805525,104.86562678590417,793903616,56968.92311857968
l1-a1e-7-lr6e-4-seed0,l1,0,5898240,180,2.9314623355865477,2.945890837907791,,,0.000532559982978058,110.98194557614625,793903616,53574.70910816126
l1-a1e-7-lr6e-4-seed0,l1,0,6225920,190,2.896592080593109,2.911076605319977,,,0.000522250571227187,117.11947639193386,793903616,53389.54863690565
l1-a1e-7-lr6e-4-seed0,l1,0,6553600,200,2.8265846222639084,2.8411234825849534,2.869956440925598,17.636249964381257,0.0005113384220439591,123.83125060796738,793903616,48821.666142644804
l1-a1e-7-lr6e-4-seed0,l1,0,6881280,210,2.800664944946766,2.81525709182024,,,0.0004998577468262297,130.16564594674855,793903616,51730.27297393945
l1-a1e-7-lr6e-4-seed0,l1,0,7208960,220,2.780850999057293,2.795494644343853,,,0.00048784453939528286,136.26300391554832,793903616,53741.30921568673
l1-a1e-7-lr6e-4-seed0,l1,0,7536640,230,2.7534029141068457,2.7680947199463843,,,0.00047533646314922983,142.35666645411402,793903616,53773.90000285906
l1-a1e-7-lr6e-4-seed0,l1,0,7864320,240,2.71111413538456,2.7258530288934706,,,0.00046237273298200914,148.4448705529794,793903616,53822.11152564138
l1-a1e-7-lr6e-4-seed0,l1,0,8192000,250,2.6759447872638704,2.6907287657260897,,,0.00044899399233818836,154.53610466513783,793903616,53795.338344644115
l1-a1e-7-lr6e-4-seed0,l1,0,8519680,260,2.642626243829727,2.6574515640735625,,,0.00043524218578902334,160.6406710082665,793903616,53677.8505763702
l1-a1e-7-lr6e-4-seed0,l1,0,8847360,270,2.6474747762084005,2.662338887155056,,,0.00042116042752926954,166.75969706475735,793903616,53551.00582590412
l1-a1e-7-lr6e-4-seed0,l1,0,9175040,280,2.6168614491820335,2.631762681901455,,,0.00040679286620702896,172.8617997393012,793903616,53699.522521471605
l1-a1e-7-lr6e-4-seed0,l1,0,9502720,290,2.6013616383075715,2.61629713177681,,,0.00039218454651041544,178.9534713877365,793903616,53791.47447715239
l1-a1e-7-lr6e-4-seed0,l1,0,9830400,300,2.5715125814080237,2.5864802613854407,2.6158053064346314,13.678227108097287,0.0003773812679449843,185.69173408299685,793903616,48629.74550257415
l1-a1e-7-lr6e-4-seed0,l1,0,10158080,310,2.5487884387373922,2.5637862548232078,,,0.000362429441244686,192.26592776272446,793903616,49843.37486290435
l1-a1e-7-lr6e-4-seed0,l1,0,10485760,320,2.515455700457096,2.5304811254143713,,,0.0003473759428665152,198.6429460681975,793903616,51384.51613331124
l1-a1e-7-lr6e-4-seed0,l1,0,10813440,330,2.5037100955843927,2.518761269748211,,,0.00033226796802504296,204.9753269283101,793903616,51746.72958539846
l1-a1e-7-lr6e-4-seed0,l1,0,11141120,340,2.482482473552227,2.497557704150677,,,0.0003171528827275896,211.37447160296142,793903616,51206.84351738845
l1-a1e-7-lr6e-4-seed0,l1,0,11468800,350,2.4694890484213827,2.4845863804221153,,,0.00030207807527393406,217.68866024538875,793903616,51895.82043814769
l1-a1e-7-lr6e-4-seed0,l1,0,11796480,360,2.465254430472851,2.4803726002573967,,,0.00028709080768613406,223.8348034331575,793903616,53314.735760160205
l1-a1e-7-lr6e-4-seed0,l1,0,12124160,370,2.463821068406105,2.478957715630531,,,0.0002722380675342458,229.96650491002947,793903616,53440.305474095425
l1-a1e-7-lr6e-4-seed0,l1,0,12451840,380,2.460613986849785,2.4757674425840377,,,0.00025756642062249786,236.16937059164047,793903616,52827.195818771186
l1-a1e-7-lr6e-4-seed0,l1,0,12779520,390,2.4055732145905493,2.42074164301157,,,0.00024312186499777047,242.37973719276488,793903616,52763.390802190734
l1-a1e-7-lr6e-4-seed0,l1,0,13107200,400,2.4076837226748466,2.4228660747408868,2.4661389112472536,11.776887346324418,0.0002289496867380878,249.178147662431,793903616,48199.50214275495
l1-a1e-7-lr6e-4-seed0,l1,0,13434880,410,2.3969089701771735,2.412103624641895,,,0.0002150943179732511,255.62818669714034,793903616,50802.79332212857
l1-a1e-7-lr6e-4-seed0,l1,0,13762560,420,2.3918524354696276,2.4070582315325737,,,0.00020159919758274132,262.4571142438799,793903616,47984.10845000815
l1-a1e-7-lr6e-4-seed0,l1,0,14090240,430,2.391103509068489,2.4063191443681715,,,0.00018850663500762595,268.8482311880216,793903616,51271.163219812865
l1-a1e-7-lr6e-4-seed0,l1,0,14417920,440,2.3520710498094557,2.367295578122139,,,0.0001758576776034427,275.0292507810518,793903616,53013.90734459014
l1-a1e-7-lr6e-4-seed0,l1,0,14745600,450,2.3820460826158523,2.3972785025835037,,,0.00016369198194993086,281.20755164977163,793903616,53037.235797145215
l1-a1e-7-lr6e-4-seed0,l1,0,15073280,460,2.3548350885510443,2.370074398815632,,,0.00015204768952107518,287.36477994080633,793903616,53218.75111844109
l1-a1e-7-lr6e-4-seed0,l1,0,15400960,470,2.352888233959675,2.368133386224508,,,0.00014096130710525813,293.55447044130415,793903616,52939.64213132235
l1-a1e-7-lr6e-4-seed0,l1,0,15728640,480,2.3233061224222182,2.338556709885597,,,0.00013046759235042207,299.7401845799759,793903616,52973.67331468085
l1-a1e-7-lr6e-4-seed0,l1,0,16056320,490,2.338394797593355,2.3536497965455054,,,0.00012059944479307729,305.93705085478723,793903616,52878.3397072703
l1-a1e-7-lr6e-4-seed0,l1,0,16384000,500,2.3280776612460614,2.343336449563503,2.383559136390686,10.843427503467948,0.00011138780271279739,312.72061538975686,793903616,48304.9874901009
l1-a1e-7-lr6e-4-seed0,l1,0,16711680,510,2.2932432137429712,2.308505317568779,,,0.00010286154613558106,319.1275631636381,793903616,51144.47808296948
l1-a1e-7-lr6e-4-seed0,l1,0,17039360,520,2.298706927895546,2.3139719322323797,,,9.504740629017904e-05,325.306224046275,793903616,53034.145460359694
l1-a1e-7-lr6e-4-seed0,l1,0,17367040,530,2.316819527745247,2.332087019085884,,,8.796988180125831e-05,331.4288550335914,793903616,53519.47564352992
l1-a1e-7-lr6e-4-seed0,l1,0,17694720,540,2.303450879454613,2.3187206611037254,,,8.165116188214946e-05,337.57565897889435,793903616,53309.00463327683
l1-a1e-7-lr6e-4-seed0,l1,0,18022400,550,2.284626467525959,2.2998981304466724,,,7.611105676798218e-05,343.73029032722116,793903616,53241.206735978274
l1-a1e-7-lr6e-4-seed0,l1,0,18350080,560,2.283263174444437,2.29853655397892,,,7.136693560731189e-05,349.87495936173946,793903616,53327.526374361965
l1-a1e-7-lr6e-4-seed0,l1,0,18677760,570,2.2859713405370714,2.3012461051344872,,,6.743367200695756e-05,355.8294480992481,793903616,55030.7531754776
l1-a1e-7-lr6e-4-seed0,l1,0,19005440,580,2.261341518163681,2.276617639511824,,,6.43235974007773e-05,361.71425284445286,793903616,55682.39120711884
l1-a1e-7-lr6e-4-seed0,l1,0,19333120,590,2.2700716286897658,2.2853490144014357,,,6.204646238857735e-05,367.5781058622524,793903616,55881.3461055959
l1-a1e-7-lr6e-4-seed0,l1,0,19660800,600,2.281859776377678,2.2971383541822434,2.3386382913589476,10.367109963538514,6.0609406166364426e-05,374.2109127510339,793903616,49402.91576319329
l1-a1e-7-lr6e-4-seed0,l1,0,19988480,610,2.268096312135458,2.283376034349203,,,6.0016934143781774e-05,380.55983401462436,793903616,51611.917425904525
l1-a1e-7-lr6e-4-seed0,l1,0,20021248,611,2.318867728114128,2.3341479748487473,2.335479016304016,10.334409094358108,6.000423356913637e-05,381.77768732234836,793903616,26906.36039018435
rewa-k9-m2-wd0.1-lr6e-4-seed0,rewa,0,327680,10,8.861407279968262,8.861407279968262,,,0.00011999999999999999,6.004089714959264,753008128,54576.13319527542
rewa-k9-m2-wd0.1-lr6e-4-seed0,rewa,0,655360,20,7.998223161697387,7.998223161697387,,,0.00023999999999999998,11.341772864572704,753008128,61389.93095229545
rewa-k9-m2-wd0.1-lr6e-4-seed0,rewa,0,983040,30,6.9268310546875,6.9268310546875,,,0.00035999999999999997,16.43387603200972,753008128,64350.62079956435
rewa-k9-m2-wd0.1-lr6e-4-seed0,rewa,0,1310720,40,5.999219059944153,5.999219059944153,,,0.00047999999999999996,21.753725755028427,753008128,61595.724890901736
rewa-k9-m2-wd0.1-lr6e-4-seed0,rewa,0,1638400,50,5.423469597101212,5.423469597101212,,,0.0006,26.965551333501935,753008128,62872.40335774518
rewa-k9-m2-wd0.1-lr6e-4-seed0,rewa,0,1966080,60,4.938610908389092,4.938610908389092,,,0.0005996571525866135,32.242466607131064,753008128,62096.88482920106
rewa-k9-m2-wd0.1-lr6e-4-seed0,rewa,0,2293760,70,4.539719465374946,4.539719465374946,,,0.0005984731188368243,37.518532602116466,753008128,62106.880450593504
rewa-k9-m2-wd0.1-lr6e-4-seed0,rewa,0,2621440,80,4.269300842285157,4.269300842285157,,,0.0005964473773237154,42.662344593554735,753008128,63703.72800277579
rewa-k9-m2-wd0.1-lr6e-4-seed0,rewa,0,2949120,90,4.1003582239151,4.1003582239151,,,0.0005935862790829717,48.183227927424014,753008128,59352.82094982207
rewa-k9-m2-wd0.1-lr6e-4-seed0,rewa,0,3276800,100,3.968082343041897,3.968082343041897,3.914866371154785,50.142370596249926,0.0005898987941321918,54.17706487327814,753008128,54669.488502961816
rewa-k9-m2-wd0.1-lr6e-4-seed0,rewa,0,3604480,110,3.8416824758052828,3.8416824758052828,,,0.0005853964833483966,59.74201794993132,753008128,58882.7965818303
rewa-k9-m2-wd0.1-lr6e-4-seed0,rewa,0,3932160,120,3.744949574768543,3.744949574768543,,,0.0005800934622227608,65.15676209516823,753008128,60516.248083160935
rewa-k9-m2-wd0.1-lr6e-4-seed0,rewa,0,4259840,130,3.664768363535404,3.664768363535404,,,0.0005740063566062069,70.74673094972968,753008128,58619.289038186886
rewa-k9-m2-wd0.1-lr6e-4-seed0,rewa,0,4587520,140,3.5497887417674066,3.5497887417674066,,,0.0005671542505846046,76.39094523154199,753008128,58055.91064391423
rewa-k9-m2-wd0.1-lr6e-4-seed0,rewa,0,4915200,150,3.4977282509207726,3.4977282509207726,,,0.0005595586266469957,81.80665659345686,753008128,60505.44020945381
rewa-k9-m2-wd0.1-lr6e-4-seed0,rewa,0,5242880,160,3.4231697365641596,3.4231697365641596,,,0.000551243298334428,87.11128016933799,753008128,61772.52642202246
rewa-k9-m2-wd0.1-lr6e-4-seed0,rewa,0,5570560,170,3.3847875565290453,3.3847875565290453,,,0.0005422343355805525,92.41594669874758,753008128,61772.026230736694
rewa-k9-m2-wd0.1-lr6e-4-seed0,rewa,0,5898240,180,3.3149947628378866,3.3149947628378866,,,0.000532559982978058,97.70449261087924,753008128,61960.320557739324
rewa-k9-m2-wd0.1-lr6e-4-seed0,rewa,0,6225920,190,3.278975893557072,3.278975893557072,,,0.000522250571227187,103.01258246321231,753008128,61732.18787092961
rewa-k9-m2-wd0.1-lr6e-4-seed0,rewa,0,6553600,200,3.2046516805887224,3.2046516805887224,3.244633827209473,25.652315160429126,0.0005113384220439591,108.88656743895262,753008128,55784.95712081757
rewa-k9-m2-wd0.1-lr6e-4-seed0,rewa,0,6881280,210,3.1723473519086838,3.1723473519086838,,,0.0004998577468262297,115.34445388428867,753008128,50741.059443164115
rewa-k9-m2-wd0.1-lr6e-4-seed0,rewa,0,7208960,220,3.1479106843471527,3.1479106843471527,,,0.00048784453939528286,121.62953490111977,753008128,52136.1616695936
rewa-k9-m2-wd0.1-lr6e-4-seed0,rewa,0,7536640,230,3.120319205522537,3.120319205522537,,,0.00047533646314922983,127.89292665570974,753008128,52316.702010514935
rewa-k9-m2-wd0.1-lr6e-4-seed0,rewa,0,7864320,240,3.078584361076355,3.078584361076355,,,0.00046237273298200914,134.11974935233593,753008128,52623.94899690068
rewa-k9-m2-wd0.1-lr6e-4-seed0,rewa,0,8192000,250,3.0424131706357,3.0424131706357,,,0.00044899399233818836,140.36149732023478,753008128,52498.11458028265
rewa-k9-m2-wd0.1-lr6e-4-seed0,rewa,0,8519680,260,3.0083179041743278,3.0083179041743278,,,0.00043524218578902334,146.03606635611504,753008128,57745.35439221573
rewa-k9-m2-wd0.1-lr6e-4-seed0,rewa,0,8847360,270,3.0121585696935655,3.0121585696935655,,,0.00042116042752926954,151.36912659928203,753008128,61443.1461598136
rewa-k9-m2-wd0.1-lr6e-4-seed0,rewa,0,9175040,280,2.984216731786728,2.984216731786728,,,0.00040679286620702896,156.71535035595298,753008128,61291.86036987789
rewa-k9-m2-wd0.1-lr6e-4-seed0,rewa,0,9502720,290,2.9713088050484657,2.9713088050484657,,,0.00039218454651041544,161.53572924155742,753008128,67978.05894025927
rewa-k9-m2-wd0.1-lr6e-4-seed0,rewa,0,9830400,300,2.9412942066788674,2.9412942066788674,2.9745640325546265,19.581084672997992,0.0003773812679449843,166.68732774909586,753008128,63607.441364170605
rewa-k9-m2-wd0.1-lr6e-4-seed0,rewa,0,10158080,310,2.923692174255848,2.923692174255848,,,0.000362429441244686,171.612676827237,753008128,66529.2946350247
rewa-k9-m2-wd0.1-lr6e-4-seed0,rewa,0,10485760,320,2.8885352849960326,2.8885352849960326,,,0.0003473759428665152,176.5356519985944,753008128,66561.37571168169
rewa-k9-m2-wd0.1-lr6e-4-seed0,rewa,0,10813440,330,2.8826202780008314,2.8826202780008314,,,0.00033226796802504296,181.2988104391843,753008128,68794.6882487952
rewa-k9-m2-wd0.1-lr6e-4-seed0,rewa,0,11141120,340,2.860026961565018,2.860026961565018,,,0.0003171528827275896,186.1374338651076,753008128,67721.74049429633
rewa-k9-m2-wd0.1-lr6e-4-seed0,rewa,0,11468800,350,2.8522014737129213,2.8522014737129213,,,0.00030207807527393406,191.2082619573921,753008128,64620.609106938624
rewa-k9-m2-wd0.1-lr6e-4-seed0,rewa,0,11796480,360,2.8457153171300886,2.8457153171300886,,,0.00028709080768613406,196.11616763006896,753008128,66765.74935501508
rewa-k9-m2-wd0.1-lr6e-4-seed0,rewa,0,12124160,370,2.8459214597940443,2.8459214597940443,,,0.0002722380675342458,201.28986506257206,753008128,63335.74861594951
rewa-k9-m2-wd0.1-lr6e-4-seed0,rewa,0,12451840,380,2.844515872001648,2.844515872001648,,,0.00025756642062249786,206.44083341676742,753008128,63615.22289942074
rewa-k9-m2-wd0.1-lr6e-4-seed0,rewa,0,12779520,390,2.791199177503586,2.791199177503586,,,0.00024312186499777047,211.5788600500673,753008128,63775.457658448955
rewa-k9-m2-wd0.1-lr6e-4-seed0,rewa,0,13107200,400,2.7976912021636964,2.7976912021636964,2.8416713094711303,17.14439519603958,0.0002289496867380878,217.3099618582055,753008128,57175.7422865343
rewa-k9-m2-wd0.1-lr6e-4-seed0,rewa,0,13434880,410,2.788281562924385,2.788281562924385,,,0.0002150943179732511,222.93156706821173,753008128,58289.40093778596
rewa-k9-m2-wd0.1-lr6e-4-seed0,rewa,0,13762560,420,2.7862919881939887,2.7862919881939887,,,0.00020159919758274132,228.52187713142484,753008128,58615.711167130015
rewa-k9-m2-wd0.1-lr6e-4-seed0,rewa,0,14090240,430,2.784023514389992,2.784023514389992,,,0.00018850663500762595,233.88219736889005,753008128,61130.67605732337
rewa-k9-m2-wd0.1-lr6e-4-seed0,rewa,0,14417920,440,2.7484419241547586,2.7484419241547586,,,0.0001758576776034427,238.7250509597361,753008128,67662.58650052505
rewa-k9-m2-wd0.1-lr6e-4-seed0,rewa,0,14745600,450,2.7804788902401922,2.7804788902401922,,,0.00016369198194993086,244.1727452063933,753008128,60150.21863627361
rewa-k9-m2-wd0.1-lr6e-4-seed0,rewa,0,15073280,460,2.7605196580290796,2.7605196580290796,,,0.00015204768952107518,249.63595225661993,753008128,59979.42179152938
rewa-k9-m2-wd0.1-lr6e-4-seed0,rewa,0,15400960,470,2.7550863817334177,2.7550863817334177,,,0.00014096130710525813,255.03014611452818,753008128,60746.79713625776
rewa-k9-m2-wd0.1-lr6e-4-seed0,rewa,0,15728640,480,2.731103737652302,2.731103737652302,,,0.00013046759235042207,260.2902645180002,753008128,62295.17567203635
rewa-k9-m2-wd0.1-lr6e-4-seed0,rewa,0,16056320,490,2.747302196919918,2.747302196919918,,,0.00012059944479307729,265.5772094875574,753008128,61979.08279484943
rewa-k9-m2-wd0.1-lr6e-4-seed0,rewa,0,16384000,500,2.7410383239388465,2.7410383239388465,2.7707700967788695,15.970928435781454,0.00011138780271279739,271.4215972237289,753008128,56067.46417113235
rewa-k9-m2-wd0.1-lr6e-4-seed0,rewa,0,16711680,510,2.706696812808514,2.706696812808514,,,0.00010286154613558106,276.91171910986304,753008128,59685.37799271609
rewa-k9-m2-wd0.1-lr6e-4-seed0,rewa,0,17039360,520,2.711969493329525,2.711969493329525,,,9.504740629017904e-05,282.2130014747381,753008128,61811.459463303196
rewa-k9-m2-wd0.1-lr6e-4-seed0,rewa,0,17367040,530,2.734077899158001,2.734077899158001,,,8.796988180125831e-05,287.5030054533854,753008128,61943.24263699158
rewa-k9-m2-wd0.1-lr6e-4-seed0,rewa,0,17694720,540,2.7184722393751146,2.7184722393751146,,,8.165116188214946e-05,292.82287899497896,753008128,61595.44910946219
rewa-k9-m2-wd0.1-lr6e-4-seed0,rewa,0,18022400,550,2.7052479550242423,2.7052479550242423,,,7.611105676798218e-05,298.16493152920157,753008128,61339.71875057296
rewa-k9-m2-wd0.1-lr6e-4-seed0,rewa,0,18350080,560,2.702818641066551,2.702818641066551,,,7.136693560731189e-05,303.48649255745113,753008128,61575.916965061064
rewa-k9-m2-wd0.1-lr6e-4-seed0,rewa,0,18677760,570,2.7064261734485626,2.7064261734485626,,,6.743367200695756e-05,308.82671450730413,753008128,61360.74550403656
rewa-k9-m2-wd0.1-lr6e-4-seed0,rewa,0,19005440,580,2.6807449236512184,2.6807449236512184,,,6.43235974007773e-05,314.7123522972688,753008128,55674.51000105915
rewa-k9-m2-wd0.1-lr6e-4-seed0,rewa,0,19333120,590,2.6866809338331223,2.6866809338331223,,,6.204646238857735e-05,320.9751646500081,753008128,52321.542071538664
rewa-k9-m2-wd0.1-lr6e-4-seed0,rewa,0,19660800,600,2.703379113972187,2.703379113972187,2.738148121833801,15.458331626336326,6.0609406166364426e-05,327.8111388469115,753008128,47934.64553280995
rewa-k9-m2-wd0.1-lr6e-4-seed0,rewa,0,19988480,610,2.688397078216076,2.688397078216076,,,6.0016934143781774e-05,333.39620726928115,753008128,58670.722580148875
rewa-k9-m2-wd0.1-lr6e-4-seed0,rewa,0,20021248,611,2.7474803179502487,2.7474803179502487,2.7357856893539427,15.421855464816923,6.000423356913637e-05,334.48266987036914,753008128,30160.265035525394
rewa-k9-m2-wd1-lr6e-4-seed0,rewa,0,327680,10,8.861340868473054,8.861340868473054,,,0.00011999999999999999,6.285678461194038,753008128,52131.20620518558
rewa-k9-m2-wd1-lr6e-4-seed0,rewa,0,655360,20,7.998215210437775,7.998215210437775,,,0.00023999999999999998,12.275093355216086,753008128,54709.8515961973
rewa-k9-m2-wd1-lr6e-4-seed0,rewa,0,983040,30,6.926672035455704,6.926672035455704,,,0.00035999999999999997,17.644181734882295,753008128,61030.844871354406
rewa-k9-m2-wd1-lr6e-4-seed0,rewa,0,1310720,40,6.000008457899094,6.000008457899094,,,0.00047999999999999996,23.014431438408792,753008128,61017.64686748578
rewa-k9-m2-wd1-lr6e-4-seed0,rewa,0,1638400,50,5.4276095747947695,5.4276095747947695,,,0.0006,28.562583001330495,753008128,59061.111846670785
rewa-k9-m2-wd1-lr6e-4-seed0,rewa,0,1966080,60,4.952057406306267,4.952057406306267,,,0.0005996571525866135,33.96445633098483,753008128,60660.43759322437
rewa-k9-m2-wd1-lr6e-4-seed0,rewa,0,2293760,70,4.563890281319618,4.563890281319618,,,0.0005984731188368243,39.24579819012433,753008128,62044.83798619116
rewa-k9-m2-wd1-lr6e-4-seed0,rewa,0,2621440,80,4.307495895028114,4.307495895028114,,,0.0005964473773237154,44.497228687629104,753008128,62398.23609123227
rewa-k9-m2-wd1-lr6e-4-seed0,rewa,0,2949120,90,4.162915819883347,4.162915819883347,,,0.0005935862790829717,49.760486049577594,753008128,62258.02339992184
rewa-k9-m2-wd1-lr6e-4-seed0,rewa,0,3276800,100,4.072333316504955,4.072333316504955,4.047885808944702,57.27623604249679,0.0005898987941321918,54.903270431794226,753008128,63716.4570097656
rewa-k9-m2-wd1-lr6e-4-seed0,rewa,0,3604480,110,3.9899447724223136,3.9899447724223136,,,0.0005853964833483966,60.366179714910686,753008128,59982.69109331912
rewa-k9-m2-wd1-lr6e-4-seed0,rewa,0,3932160,120,3.915363921225071,3.915363921225071,,,0.0005800934622227608,65.65138477180153,753008128,61999.48658051992
rewa-k9-m2-wd1-lr6e-4-seed0,rewa,0,4259840,130,3.848570916056633,3.848570916056633,,,0.0005740063566062069,70.91334759257734,753008128,62273.340036957525
rewa-k9-m2-wd1-lr6e-4-seed0,rewa,0,4587520,140,3.755319719016552,3.755319719016552,,,0.0005671542505846046,76.05461693182588,753008128,63735.233145341226
rewa-k9-m2-wd1-lr6e-4-seed0,rewa,0,4915200,150,3.7222778141498565,3.7222778141498565,,,0.0005595586266469957,81.30692170746624,753008128,62387.84952460204
rewa-k9-m2-wd1-lr6e-4-seed0,rewa,0,5242880,160,3.6628158360719683,3.6628158360719683,,,0.000551243298334428,86.56143584568053,753008128,62361.61734096309
rewa-k9-m2-wd1-lr6e-4-seed0,rewa,0,5570560,170,3.6359869837760925,3.6359869837760925,,,0.0005422343355805525,91.84936771448702,753008128,61967.51549182864
rewa-k9-m2-wd1-lr6e-4-seed0,rewa,0,5898240,180,3.5822804272174835,3.5822804272174835,,,0.000532559982978058,97.08940539695323,753008128,62533.901444345785
rewa-k9-m2-wd1-lr6e-4-seed0,rewa,0,6225920,190,3.563234294950962,3.563234294950962,,,0.000522250571227187,102.90186670515686,753008128,56375.429035117435
rewa-k9-m2-wd1-lr6e-4-seed0,rewa,0,6553600,200,3.5025438621640204,3.5025438621640204,3.5453299379348753,34.65111617413624,0.0005113384220439591,109.65107231587172,753008128,48550.89900947517
rewa-k9-m2-wd1-lr6e-4-seed0,rewa,0,6881280,210,3.483600328862667,3.483600328862667,,,0.0004998577468262297,116.05970495566726,753008128,51131.03190924268
rewa-k9-m2-wd1-lr6e-4-seed0,rewa,0,7208960,220,3.4717924371361732,3.4717924371361732,,,0.00048784453939528286,122.24494909401983,753008128,52977.69864380437
rewa-k9-m2-wd1-lr6e-4-seed0,rewa,0,7536640,230,3.459117567539215,3.459117567539215,,,0.00047533646314922983,128.44010374322534,753008128,52892.949176341084
rewa-k9-m2-wd1-lr6e-4-seed0,rewa,0,7864320,240,3.4297458440065385,3.4297458440065385,,,0.00046237273298200914,134.6310460269451,753008128,52928.93795209412
rewa-k9-m2-wd1-lr6e-4-seed0,rewa,0,8192000,250,3.402336923778057,3.402336923778057,,,0.00044899399233818836,140.81246747262776,753008128,53010.46092381632
rewa-k9-m2-wd1-lr6e-4-seed0,rewa,0,8519680,260,3.3801342815160753,3.3801342815160753,,,0.00043524218578902334,147.01544019114226,753008128,52826.28424625303
rewa-k9-m2-wd1-lr6e-4-seed0,rewa,0,8847360,270,3.392605669796467,3.392605669796467,,,0.00042116042752926954,153.17453493364155,753008128,53202.62371333991
rewa-k9-m2-wd1-lr6e-4-seed0,rewa,0,9175040,280,3.3743936836719515,3.3743936836719515,,,0.00040679286620702896,159.33192332368344,753008128,53217.36737119661
rewa-k9-m2-wd1-lr6e-4-seed0,rewa,0,9502720,290,3.372003139555454,3.372003139555454,,,0.00039218454651041544,165.51141941081733,753008128,53026.97750424201
rewa-k9-m2-wd1-lr6e-4-seed0,rewa,0,9830400,300,3.348649448156357,3.348649448156357,3.383631119728088,29.477613761538386,0.0003773812679449843,172.24391530267894,753008128,48671.399918135336
rewa-k9-m2-wd1-lr6e-4-seed0,rewa,0,10158080,310,3.3433624371886252,3.3433624371886252,,,0.000362429441244686,178.61432546190917,753008128,51437.81825809395
rewa-k9-m2-wd1-lr6e-4-seed0,rewa,0,10485760,320,3.3141007274389267,3.3141007274389267,,,0.0003473759428665152,184.82336104754359,753008128,52774.70155882819
rewa-k9-m2-wd1-lr6e-4-seed0,rewa,0,10813440,330,3.3164289563894274,3.3164289563894274,,,0.00033226796802504296,191.03028988279402,753008128,52792.61430210659
rewa-k9-m2-wd1-lr6e-4-seed0,rewa,0,11141120,340,3.303691865503788,3.303691865503788,,,0.0003171528827275896,197.26769768539816,753008128,52534.64425769829
rewa-k9-m2-wd1-lr6e-4-seed0,rewa,0,11468800,350,3.2992197990417482,3.2992197990417482,,,0.00030207807527393406,203.48973571602255,753008128,52664.416126546384
rewa-k9-m2-wd1-lr6e-4-seed0,rewa,0,11796480,360,3.299898087978363,3.299898087978363,,,0.00028709080768613406,209.68914546072483,753008128,52856.64498624562
rewa-k9-m2-wd1-lr6e-4-seed0,rewa,0,12124160,370,3.301035372912884,3.301035372912884,,,0.0002722380675342458,215.8853908320889,753008128,52883.63845537377
rewa-k9-m2-wd1-lr6e-4-seed0,rewa,0,12451840,380,3.3060976698994637,3.3060976698994637,,,0.00025756642062249786,222.0927073257044,753008128,52789.31730596192
rewa-k9-m2-wd1-lr6e-4-seed0,rewa,0,12779520,390,3.261313132941723,3.261313132941723,,,0.00024312186499777047,228.29372226074338,753008128,52842.962552538986
rewa-k9-m2-wd1-lr6e-4-seed0,rewa,0,13107200,400,3.2745245710015296,3.2745245710015296,3.315614275932312,27.53930552243635,0.0002289496867380878,235.04237355757505,753008128,48554.88683403127
rewa-k9-m2-wd1-lr6e-4-seed0,rewa,0,13434880,410,3.270836016535759,3.270836016535759,,,0.0002150943179732511,241.41441431082785,753008128,51424.65541086278
rewa-k9-m2-wd1-lr6e-4-seed0,rewa,0,13762560,420,3.270651265978813,3.270651265978813,,,0.00020159919758274132,247.6253433963284,753008128,52758.61235720296
rewa-k9-m2-wd1-lr6e-4-seed0,rewa,0,14090240,430,3.2726015776395796,3.2726015776395796,,,0.00018850663500762595,253.8249314026907,753008128,52855.12515730381
rewa-k9-m2-wd1-lr6e-4-seed0,rewa,0,14417920,440,3.2442531317472456,3.2442531317472456,,,0.0001758576776034427,260.0203608497977,753008128,52890.603112753
rewa-k9-m2-wd1-lr6e-4-seed0,rewa,0,14745600,450,3.2777122899889948,3.2777122899889948,,,0.00016369198194993086,266.27741245925426,753008128,52369.71347731314
rewa-k9-m2-wd1-lr6e-4-seed0,rewa,0,15073280,460,3.262123043835163,3.262123043835163,,,0.00015204768952107518,272.3698727488518,753008128,53784.511416429385
rewa-k9-m2-wd1-lr6e-4-seed0,rewa,0,15400960,470,3.2599270731210708,3.2599270731210708,,,0.00014096130710525813,277.6953328680247,753008128,61530.833518079235
rewa-k9-m2-wd1-lr6e-4-seed0,rewa,0,15728640,480,3.2380675420165064,3.2380675420165064,,,0.00013046759235042207,282.9985834918916,753008128,61788.51863521189
rewa-k9-m2-wd1-lr6e-4-seed0,rewa,0,16056320,490,3.2595373928546905,3.2595373928546905,,,0.00012059944479307729,288.31130917556584,753008128,61678.32098068736
rewa-k9-m2-wd1-lr6e-4-seed0,rewa,0,16384000,500,3.2518953710794447,3.2518953710794447,3.281722655296326,26.62159305047302,0.00011138780271279739,294.22051648795605,753008128,55452.44610270021
rewa-k9-m2-wd1-lr6e-4-seed0,rewa,0,16711680,510,3.2259262934327126,3.2259262934327126,,,0.00010286154613558106,299.6741895098239,753008128,60084.2769058733
rewa-k9-m2-wd1-lr6e-4-seed0,rewa,0,17039360,520,3.2312519580125807,3.2312519580125807,,,9.504740629017904e-05,305.0684199659154,753008128,60746.38498805063
rewa-k9-m2-wd1-lr6e-4-seed0,rewa,0,17367040,530,3.2529260709881784,3.2529260709881784,,,8.796988180125831e-05,311.5116168204695,753008128,50856.74198645545
rewa-k9-m2-wd1-lr6e-4-seed0,rewa,0,17694720,540,3.238706174492836,3.238706174492836,,,8.165116188214946e-05,317.9575474942103,753008128,50835.17285329964
rewa-k9-m2-wd1-lr6e-4-seed0,rewa,0,18022400,550,3.22723059207201,3.22723059207201,,,7.611105676798218e-05,324.38953609671444,753008128,50945.36390696121
rewa-k9-m2-wd1-lr6e-4-seed0,rewa,0,18350080,560,3.2294080421328544,3.2294080421328544,,,7.136693560731189e-05,330.7951671620831,753008128,51154.99107832892
rewa-k9-m2-wd1-lr6e-4-seed0,rewa,0,18677760,570,3.2344374135136604,3.2344374135136604,,,6.743367200695756e-05,336.2201581476256,753008128,60401.94368493126
rewa-k9-m2-wd1-lr6e-4-seed0,rewa,0,19005440,580,3.2073112711310388,3.2073112711310388,,,6.43235974007773e-05,341.5169980963692,753008128,61863.300226340834
rewa-k9-m2-wd1-lr6e-4-seed0,rewa,0,19333120,590,3.212921966612339,3.212921966612339,,,6.204646238857735e-05,346.736614074558,753008128,62778.56481574028
rewa-k9-m2-wd1-lr6e-4-seed0,rewa,0,19660800,600,3.2325254037976263,3.2325254037976263,3.263104786872864,26.13054108840539,6.0609406166364426e-05,352.61507530044764,753008128,55742.478755639015
rewa-k9-m2-wd1-lr6e-4-seed0,rewa,0,19988480,610,3.2185859203338625,3.2185859203338625,,,6.0016934143781774e-05,358.14118307456374,753008128,59296.70817041067
rewa-k9-m2-wd1-lr6e-4-seed0,rewa,0,20021248,611,3.2668178975582123,3.2668178975582123,3.261128797531128,26.078958397928073,6.000423356913637e-05,359.21179543901235,753008128,30606.782705032896
rewa-k9-m2-wd1e-4-lr6e-4-seed0,rewa,0,327680,10,8.861413049697877,8.861413049697877,,,0.00011999999999999999,6.080790498293936,753008128,53887.73056594137
rewa-k9-m2-wd1e-4-lr6e-4-seed0,rewa,0,655360,20,7.998228633403778,7.998228633403778,,,0.00023999999999999998,11.64146367367357,753008128,58928.11709395758
rewa-k9-m2-wd1e-4-lr6e-4-seed0,rewa,0,983040,30,6.926854205131531,6.926854205131531,,,0.00035999999999999997,17.0696621267125,753008128,60366.252788077625
rewa-k9-m2-wd1e-4-lr6e-4-seed0,rewa,0,1310720,40,5.999173611402512,5.999173611402512,,,0.00047999999999999996,22.587340855039656,753008128,59387.2923984731
rewa-k9-m2-wd1e-4-lr6e-4-seed0,rewa,0,1638400,50,5.424136209487915,5.424136209487915,,,0.0006,28.01344528514892,753008128,60389.54911772712
rewa-k9-m2-wd1e-4-lr6e-4-seed0,rewa,0,1966080,60,4.939062836766243,4.939062836766243,,,0.0005996571525866135,33.06250770762563,753008128,64899.17782384311
rewa-k9-m2-wd1e-4-lr6e-4-seed0,rewa,0,2293760,70,4.538458168506622,4.538458168506622,,,0.0005984731188368243,38.5386910373345,753008128,59837.29547955441
rewa-k9-m2-wd1e-4-lr6e-4-seed0,rewa,0,2621440,80,4.269034746289253,4.269034746289253,,,0.0005964473773237154,44.65381437726319,753008128,53585.18247055035
rewa-k9-m2-wd1e-4-lr6e-4-seed0,rewa,0,2949120,90,4.1026801019907,4.1026801019907,,,0.0005935862790829717,50.463602378964424,753008128,56401.369534318284
rewa-k9-m2-wd1e-4-lr6e-4-seed0,rewa,0,3276800,100,3.9719360694289207,3.9719360694289207,3.9195962524414063,50.380099828922454,0.0005898987941321918,56.606109571643174,753008128,53346.2948794853
rewa-k9-m2-wd1e-4-lr6e-4-seed0,rewa,0,3604480,110,3.8461918503046038,3.8461918503046038,,,0.0005853964833483966,62.2984054479748,753008128,57565.524898746444
rewa-k9-m2-wd1e-4-lr6e-4-seed0,rewa,0,3932160,120,3.746156761050224,3.746156761050224,,,0.0005800934622227608,67.80707657523453,753008128,59484.40058047234
rewa-k9-m2-wd1e-4-lr6e-4-seed0,rewa,0,4259840,130,3.6549157828092573,3.6549157828092573,,,0.0005740063566062069,73.39944398216903,753008128,58594.14737194822
rewa-k9-m2-wd1e-4-lr6e-4-seed0,rewa,0,4587520,140,3.5358360186219215,3.5358360186219215,,,0.0005671542505846046,78.80345461331308,753008128,60636.4462185799
rewa-k9-m2-wd1e-4-lr6e-4-seed0,rewa,0,4915200,150,3.480365087091923,3.480365087091923,,,0.0005595586266469957,84.23379146680236,753008128,60342.48129366933
rewa-k9-m2-wd1e-4-lr6e-4-seed0,rewa,0,5242880,160,3.4066542640328406,3.4066542640328406,,,0.000551243298334428,89.69241698272526,753008128,60029.763727911326
rewa-k9-m2-wd1e-4-lr6e-4-seed0,rewa,0,5570560,170,3.365685449540615,3.365685449540615,,,0.0005422343355805525,95.13878433499485,753008128,60164.872988864845
rewa-k9-m2-wd1e-4-lr6e-4-seed0,rewa,0,5898240,180,3.2947292223572733,3.2947292223572733,,,0.000532559982978058,100.58953645918518,753008128,60116.47430191562
rewa-k9-m2-wd1e-4-lr6e-4-seed0,rewa,0,6225920,190,3.2582364097237586,3.2582364097237586,,,0.000522250571227187,106.04168987832963,753008128,60101.02335884366
rewa-k9-m2-wd1e-4-lr6e-4-seed0,rewa,0,6553600,200,3.1811060428619387,3.1811060428619387,3.2213143157958983,25.061036661620374,0.0005113384220439591,112.05170829407871,753008128,54522.29549602117
rewa-k9-m2-wd1e-4-lr6e-4-seed0,rewa,0,6881280,210,3.150930827856064,3.150930827856064,,,0.0004998577468262297,117.69115080498159,753008128,58105.034206215896
rewa-k9-m2-wd1e-4-lr6e-4-seed0,rewa,0,7208960,220,3.1251441150903703,3.1251441150903703,,,0.00048784453939528286,123.14313018042594,753008128,60102.941965603655
rewa-k9-m2-wd1e-4-lr6e-4-seed0,rewa,0,7536640,230,3.0990762531757357,3.0990762531757357,,,0.00047533646314922983,128.52027902100235,753008128,60939.358331928546
rewa-k9-m2-wd1e-4-lr6e-4-seed0,rewa,0,7864320,240,3.0561026111245155,3.0561026111245155,,,0.00046237273298200914,133.85659109801054,753008128,61405.70402766143
rewa-k9-m2-wd1e-4-lr6e-4-seed0,rewa,0,8192000,250,3.0209463432431223,3.0209463432431223,,,0.00044899399233818836,139.1765966899693,753008128,61593.92021980041
rewa-k9-m2-wd1e-4-lr6e-4-seed0,rewa,0,8519680,260,2.9862620547413825,2.9862620547413825,,,0.00043524218578902334,144.48457347601652,753008128,61733.50284073472
rewa-k9-m2-wd1e-4-lr6e-4-seed0,rewa,0,8847360,270,2.991933336853981,2.991933336853981,,,0.00042116042752926954,149.79742273502052,753008128,61676.88636086588
rewa-k9-m2-wd1e-4-lr6e-4-seed0,rewa,0,9175040,280,2.9649469673633577,2.9649469673633577,,,0.00040679286620702896,155.11357984133065,753008128,61638.50944341977
rewa-k9-m2-wd1e-4-lr6e-4-seed0,rewa,0,9502720,290,2.948672802746296,2.948672802746296,,,0.00039218454651041544,160.42593777924776,753008128,61682.59063666893
rewa-k9-m2-wd1e-4-lr6e-4-seed0,rewa,0,9830400,300,2.920658679306507,2.920658679306507,2.953417811393738,19.171365994290593,0.0003773812679449843,166.2950468584895,753008128,55831.30174883953
rewa-k9-m2-wd1e-4-lr6e-4-seed0,rewa,0,10158080,310,2.901619018614292,2.901619018614292,,,0.000362429441244686,171.81504194717854,753008128,59362.37165707738
rewa-k9-m2-wd1e-4-lr6e-4-seed0,rewa,0,10485760,320,2.8662251353263857,2.8662251353263857,,,0.0003473759428665152,177.13687724340707,753008128,61572.74356690818
rewa-k9-m2-wd1e-4-lr6e-4-seed0,rewa,0,10813440,330,2.8599621146917342,2.8599621146917342,,,0.00033226796802504296,182.4580459650606,753008128,61580.456689254424
rewa-k9-m2-wd1e-4-lr6e-4-seed0,rewa,0,11141120,340,2.835979828238487,2.835979828238487,,,0.0003171528827275896,187.77294994238764,753008128,61653.04234993829
rewa-k9-m2-wd1e-4-lr6e-4-seed0,rewa,0,11468800,350,2.8282603949308394,2.8282603949308394,,,0.00030207807527393406,193.09636852610856,753008128,61554.43064388161
rewa-k9-m2-wd1e-4-lr6e-4-seed0,rewa,0,11796480,360,2.821097855269909,2.821097855269909,,,0.00028709080768613406,198.52160360850394,753008128,60399.226028620535
rewa-k9-m2-wd1e-4-lr6e-4-seed0,rewa,0,12124160,370,2.8217552661895753,2.8217552661895753,,,0.0002722380675342458,203.92972093541175,753008128,60590.40146367476
rewa-k9-m2-wd1e-4-lr6e-4-seed0,rewa,0,12451840,380,2.82023556381464,2.82023556381464,,,0.00025756642062249786,209.73212041333318,753008128,56473.18859152105
rewa-k9-m2-wd1e-4-lr6e-4-seed0,rewa,0,12779520,390,2.7658852681517603,2.7658852681517603,,,0.00024312186499777047,215.13061319570988,753008128,60698.42328394068
rewa-k9-m2-wd1e-4-lr6e-4-seed0,rewa,0,13107200,400,2.7726664677262307,2.7726664677262307,2.8171393299102783,16.728926217930926,0.0002289496867380878,221.1159608270973,753008128,54747.0289414156
rewa-k9-m2-wd1e-4-lr6e-4-seed0,rewa,0,13434880,410,2.76361021399498,2.76361021399498,,,0.0002150943179732511,226.79984104447067,753008128,57650.75748753677
rewa-k9-m2-wd1e-4-lr6e-4-seed0,rewa,0,13762560,420,2.761026220023632,2.761026220023632,,,0.00020159919758274132,232.29519811738282,753008128,59628.518338727794
rewa-k9-m2-wd1e-4-lr6e-4-seed0,rewa,0,14090240,430,2.7582727894186974,2.7582727894186974,,,0.00018850663500762595,238.15097482129931,753008128,55958.417912493045
rewa-k9-m2-wd1e-4-lr6e-4-seed0,rewa,0,14417920,440,2.722717547416687,2.722717547416687,,,0.0001758576776034427,243.4705288792029,753008128,61599.14843108808
rewa-k9-m2-wd1e-4-lr6e-4-seed0,rewa,0,14745600,450,2.7547323435544966,2.7547323435544966,,,0.00016369198194993086,248.81358660385013,753008128,61328.1788980925
rewa-k9-m2-wd1e-4-lr6e-4-seed0,rewa,0,15073280,460,2.734505881369114,2.734505881369114,,,0.00015204768952107518,254.11621790286154,753008128,61795.735272239406
rewa-k9-m2-wd1e-4-lr6e-4-seed0,rewa,0,15400960,470,2.728916680812836,2.728916680812836,,,0.00014096130710525813,259.4315972048789,753008128,61647.52906262642
rewa-k9-m2-wd1e-4-lr6e-4-seed0,rewa,0,15728640,480,2.704531116783619,2.704531116783619,,,0.00013046759235042207,264.7453630147502,753008128,61666.247953810205
rewa-k9-m2-wd1e-4-lr6e-4-seed0,rewa,0,16056320,490,2.721180574595928,2.721180574595928,,,0.00012059944479307729,270.0558289978653,753008128,61704.56623615953
rewa-k9-m2-wd1e-4-lr6e-4-seed0,rewa,0,16384000,500,2.714073249697685,2.714073249697685,2.745353436470032,15.570116006649785,0.00011138780271279739,275.92032720986754,753008128,55875.19821037266
rewa-k9-m2-wd1e-4-lr6e-4-seed0,rewa,0,16711680,510,2.6794540628790857,2.6794540628790857,,,0.00010286154613558106,281.44106258731335,753008128,59354.41161311413
rewa-k9-m2-wd1e-4-lr6e-4-seed0,rewa,0,17039360,520,2.6852509886026383,2.6852509886026383,,,9.504740629017904e-05,286.7641311129555,753008128,61558.47861463888
rewa-k9-m2-wd1e-4-lr6e-4-seed0,rewa,0,17367040,530,2.70739127099514,2.70739127099514,,,8.796988180125831e-05,291.58227340411395,753008128,68009.61453573326
rewa-k9-m2-wd1e-4-lr6e-4-seed0,rewa,0,17694720,540,2.691754859685898,2.691754859685898,,,8.165116188214946e-05,296.18861802481115,753008128,71136.66626844856
rewa-k9-m2-wd1e-4-lr6e-4-seed0,rewa,0,18022400,550,2.6783962547779083,2.6783962547779083,,,7.611105676798218e-05,300.77989974990487,753008128,71370.04863131352
rewa-k9-m2-wd1e-4-lr6e-4-seed0,rewa,0,18350080,560,2.6762512177228928,2.6762512177228928,,,7.136693560731189e-05,305.83163016010076,753008128,64864.902398323706
rewa-k9-m2-wd1e-4-lr6e-4-seed0,rewa,0,18677760,570,2.6796161577105524,2.6796161577105524,,,6.743367200695756e-05,311.1538453763351,753008128,61568.348269810536
rewa-k9-m2-wd1e-4-lr6e-4-seed0,rewa,0,19005440,580,2.6539280861616135,2.6539280861616135,,,6.43235974007773e-05,316.474822467193,753008128,61582.6744608605
rewa-k9-m2-wd1e-4-lr6e-4-seed0,rewa,0,19333120,590,2.660109707713127,2.660109707713127,,,6.204646238857735e-05,321.8114466043189,753008128,61402.11331736682
rewa-k9-m2-wd1e-4-lr6e-4-seed0,rewa,0,19660800,600,2.67610614746809,2.67610614746809,2.7129350996017454,15.073452736010857,6.0609406166364426e-05,327.6265513403341,753008128,56349.80191681683
rewa-k9-m2-wd1e-4-lr6e-4-seed0,rewa,0,19988480,610,2.6618345096707343,2.6618345096707343,,,6.0016934143781774e-05,333.2010475564748,753008128,58781.993438477584
rewa-k9-m2-wd1e-4-lr6e-4-seed0,rewa,0,20021248,611,2.72176992893219,2.72176992893219,2.709957728385925,15.028640216568649,6.000423356913637e-05,334.2580143082887,753008128,31001.921246591693
